-- phpMyAdmin SQL Dump
-- version 5.0.2
-- https://www.phpmyadmin.net/
--
-- Hôte : 127.0.0.1:3306
-- Généré le : Dim 02 jan. 2022 à 10:29
-- Version du serveur :  5.7.31
-- Version de PHP : 7.4.9

SET SQL_MODE = "NO_AUTO_VALUE_ON_ZERO";
START TRANSACTION;
SET time_zone = "+00:00";


/*!40101 SET @OLD_CHARACTER_SET_CLIENT=@@CHARACTER_SET_CLIENT */;
/*!40101 SET @OLD_CHARACTER_SET_RESULTS=@@CHARACTER_SET_RESULTS */;
/*!40101 SET @OLD_COLLATION_CONNECTION=@@COLLATION_CONNECTION */;
/*!40101 SET NAMES utf8mb4 */;

--
-- Base de données : `multiplex`
--

-- --------------------------------------------------------

--
-- Structure de la table `centremultiplex`
--

DROP TABLE IF EXISTS `centremultiplex`;
CREATE TABLE IF NOT EXISTS `centremultiplex` (
  `id_centremultiplex` int(11) NOT NULL AUTO_INCREMENT,
  `Nom` varchar(30) NOT NULL,
  `adresse` varchar(30) NOT NULL,
  `CodePostal` varchar(5) DEFAULT NULL,
  `Ville` varchar(30) DEFAULT NULL,
  PRIMARY KEY (`id_centremultiplex`)
) ENGINE=InnoDB AUTO_INCREMENT=33 DEFAULT CHARSET=utf8;

--
-- Déchargement des données de la table `centremultiplex`
--

INSERT INTO `centremultiplex` (`id_centremultiplex`, `Nom`, `adresse`, `CodePostal`, `Ville`) VALUES
(1, 'Marco', '6660 Sauthoff Alley', '01000', 'BOURG EN BRESSE'),
(2, 'Thedric', '7921 Toban Place', '02100', 'ST QUENTIN'),
(3, 'Charlean', '9926 Johnson Plaza', '03500', 'MONTORD'),
(4, 'Aileen', '38 Sachtjen Alley', '04000', 'ENTRAGES'),
(6, 'Holden', '78 Scott Road', '05000', 'RAMBAUD'),
(7, 'Catharine', '7019 Oakridge Place', '06000', 'NICE'),
(8, 'Lazare', '0 Forest Park', '07000', 'VEYRAS'),
(9, 'Adrien', '9073 Moland Circle', '08000', 'CHARLEVILLE MEZIERES'),
(10, 'Annora', '58 Meadow Ridge Drive', '09000', 'FOIX'),
(12, 'Thomasina', '025 Spaight Lane', '10000', 'TROYES'),
(17, 'Melonie', '89428 Warner Trail', '11000', 'CARCASSONNE'),
(18, 'Denys', '22 Graedel Terrace', '12000', 'RODEZ'),
(20, 'Belva', '02 Hoepker Alley', '13000', 'MARSEILLE'),
(21, 'Lucienne', '80 Lighthouse Bay Drive', '14000', 'CAEN'),
(22, 'Delmer', '11 Graceland Court', '15000', 'AURILLAC'),
(23, 'Karlotte', '10 Nevada Junction', '16000', 'ANGOULEME'),
(24, 'El', '47975 Bay Junction', '17000', 'LA ROCHELLE'),
(25, 'Gilberto', '251 Parkside Trail', '18000', 'BOURGES'),
(26, 'Othella', '810 Roth Drive', '19000', 'TULLE'),
(27, 'Johan', '2026 Moulton Terrace', '31000', 'TOULOUSE'),
(28, 'Curtice', '9255 Corscot Avenue', '34000', 'MONTPELIER'),
(29, 'Stacee', '68 Straubel Crossing', '35000', 'RENNES'),
(30, 'Raimundo', '1 3rd Parkway', '29000', 'QUIMPER'),
(31, 'Vachel', '46598 Starling Park', '56000', 'VANNES'),
(32, 'Dacy', '196 Comanche Park', '66000', 'PERPIGNAN');

-- --------------------------------------------------------

--
-- Structure de la table `client`
--

DROP TABLE IF EXISTS `client`;
CREATE TABLE IF NOT EXISTS `client` (
  `id_client` int(11) NOT NULL AUTO_INCREMENT,
  `Nom` varchar(30) NOT NULL,
  `Prenom` varchar(30) NOT NULL,
  `Ville` varchar(30) NOT NULL,
  `Email` varchar(250) NOT NULL,
  `Password` varchar(60) NOT NULL,
  `DateNaissance` date NOT NULL,
  `id_cinema` int(11) DEFAULT NULL,
  PRIMARY KEY (`id_client`),
  UNIQUE KEY `client_id_client_uindex` (`id_client`),
  KEY `client___fk` (`id_cinema`)
) ENGINE=InnoDB AUTO_INCREMENT=251 DEFAULT CHARSET=utf8;

--
-- Déchargement des données de la table `client`
--

INSERT INTO `client` (`id_client`, `Nom`, `Prenom`, `Ville`, `Email`, `Password`, `DateNaissance`, `id_cinema`) VALUES
(1, 'Will', 'FitzAlan', 'Smyshlyayevka', 'wfitzalan0@businessinsider.com', 'd45e43ce7de61abfd21ee85d819531e9784b99c9', '1966-07-07', 1),
(2, 'Nan', 'Saltmarshe', 'Yulin', 'nsaltmarshe1@people.com.cn', 'd45e43ce7de61abfd21ee85d819531e9784b99c9', '1988-10-01', 1),
(3, 'Nikki', 'Ingliby', 'Aurillac', 'ningliby2@statcounter.com', 'd45e43ce7de61abfd21ee85d819531e9784b99c9', '1978-04-19', 2),
(4, 'Kattie', 'Pfeuffer', 'Havana', 'kpfeuffer3@amazon.co.jp', 'd45e43ce7de61abfd21ee85d819531e9784b99c9', '1961-02-04', 2),
(5, 'Aigneis', 'Mannooch', 'Coxim', 'amannooch4@cdbaby.com', 'd45e43ce7de61abfd21ee85d819531e9784b99c9', '1956-08-18', 2),
(6, 'Ulrike', 'Glasscoe', 'Estelí', 'uglasscoe5@uiuc.edu', 'd45e43ce7de61abfd21ee85d819531e9784b99c9', '1999-12-23', 2),
(7, 'Mike', 'Kuhndel', 'Madamba', 'mkuhndel6@163.com', 'd45e43ce7de61abfd21ee85d819531e9784b99c9', '1986-08-08', 1),
(8, 'Velma', 'Austick', 'Yartsevo', 'vaustick7@princeton.edu', 'd45e43ce7de61abfd21ee85d819531e9784b99c9', '1989-08-30', 1),
(9, 'Edd', 'Harmour', 'Shanjeev Home', 'eharmour8@economist.com', 'd45e43ce7de61abfd21ee85d819531e9784b99c9', '1986-03-13', 1),
(10, 'Gertrud', 'Blackledge', 'Banī Khaddāsh', 'gblackledge9@last.fm', 'd45e43ce7de61abfd21ee85d819531e9784b99c9', '1962-10-17', 3),
(11, 'Hyacinthe', 'Clavering', 'Nam Phong', 'hclaveringa@bandcamp.com', 'd45e43ce7de61abfd21ee85d819531e9784b99c9', '1959-04-03', 3),
(12, 'Audrey', 'Imlen', 'Áno Liósia', 'aimlenb@nymag.com', 'd45e43ce7de61abfd21ee85d819531e9784b99c9', '1973-01-29', 3),
(13, 'Edward', 'Moultrie', 'Perho', 'emoultriec@dropbox.com', 'd45e43ce7de61abfd21ee85d819531e9784b99c9', '2000-05-27', 3),
(14, 'Josefina', 'Baroux', 'Areado', 'jbarouxd@w3.org', 'd45e43ce7de61abfd21ee85d819531e9784b99c9', '1957-11-24', 3),
(15, 'Irwinn', 'Sleath', 'Tacuatí', 'isleathe@newyorker.com', 'd45e43ce7de61abfd21ee85d819531e9784b99c9', '1968-04-12', 3),
(16, 'Cori', 'Ruddiman', 'Shanlian', 'cruddimanf@ucoz.ru', 'd45e43ce7de61abfd21ee85d819531e9784b99c9', '2006-05-03', 3),
(17, 'Eirena', 'MacGee', 'Falun', 'emacgeeg@symantec.com', 'd45e43ce7de61abfd21ee85d819531e9784b99c9', '1987-05-18', 4),
(18, 'Maren', 'Jeskins', 'Bragança Paulista', 'mjeskinsh@cbslocal.com', 'd45e43ce7de61abfd21ee85d819531e9784b99c9', '1969-12-27', 4),
(19, 'Brigid', 'Very', 'Semanding', 'bveryi@tinyurl.com', 'd45e43ce7de61abfd21ee85d819531e9784b99c9', '1981-02-25', 4),
(20, 'Hilde', 'Hamley', 'Tapas', 'hhamleyj@dropbox.com', 'd45e43ce7de61abfd21ee85d819531e9784b99c9', '1992-02-25', 4),
(21, 'Brenna', 'Wyley', 'Sukolilo', 'bwyleyk@answers.com', 'd45e43ce7de61abfd21ee85d819531e9784b99c9', '2010-12-25', 4),
(22, 'Dacie', 'Castle', 'Jincheng', 'dcastlel@oakley.com', 'd45e43ce7de61abfd21ee85d819531e9784b99c9', '1994-02-07', 4),
(23, 'Micheil', 'Prazer', 'Shigu', 'mprazerm@youtu.be', 'd45e43ce7de61abfd21ee85d819531e9784b99c9', '2010-12-14', 4),
(24, 'Nevins', 'Lyffe', 'Zhabagly', 'nlyffen@dion.ne.jp', 'd45e43ce7de61abfd21ee85d819531e9784b99c9', '1970-06-04', 4),
(25, 'Francklyn', 'Hornig', 'Aurora', 'fhornigo@businessweek.com', 'd45e43ce7de61abfd21ee85d819531e9784b99c9', '1971-02-11', 4),
(26, 'Dallas', 'Ralston', 'Frontignan', 'dralstonp@miibeian.gov.cn', 'd45e43ce7de61abfd21ee85d819531e9784b99c9', '1981-12-11', 4),
(27, 'Golda', 'Turfes', 'Río Pico', 'gturfesq@wufoo.com', 'd45e43ce7de61abfd21ee85d819531e9784b99c9', '1979-11-05', 4),
(28, 'Delia', 'Sakins', 'Quwaysinā', 'dsakinsr@mac.com', 'd45e43ce7de61abfd21ee85d819531e9784b99c9', '1988-09-26', 4),
(29, 'Wendy', 'Ladell', 'Zhendeqiao', 'wladells@amazon.com', 'd45e43ce7de61abfd21ee85d819531e9784b99c9', '1995-11-27', 4),
(30, 'Bianka', 'Dockery', 'Daxi', 'bdockeryt@chron.com', 'd45e43ce7de61abfd21ee85d819531e9784b99c9', '1963-01-19', 4),
(31, 'Morissa', 'Brosel', 'Luts’k', 'mbroselu@zimbio.com', 'd45e43ce7de61abfd21ee85d819531e9784b99c9', '1977-07-26', 4),
(32, 'Aili', 'Gullick', 'Norcasia', 'agullickv@goo.gl', 'd45e43ce7de61abfd21ee85d819531e9784b99c9', '1959-03-10', 4),
(33, 'Bo', 'Lyall', 'Tampa', 'blyallw@tripadvisor.com', 'd45e43ce7de61abfd21ee85d819531e9784b99c9', '2007-12-12', 4),
(34, 'Reagen', 'Vallerine', 'Petrikov', 'rvallerinex@a8.net', '51ab94aaa9036f189ea8f0c4038cbec1fbc49aec', '1979-02-12', 4),
(35, 'Annetta', 'Petyt', 'Chandra', 'apetyty@upenn.edu', '51ab94aaa9036f189ea8f0c4038cbec1fbc49aec', '1991-12-30', 4),
(36, 'Worden', 'Kentwell', 'Słubice', 'wkentwellz@dropbox.com', '51ab94aaa9036f189ea8f0c4038cbec1fbc49aec', '1960-01-16', 6),
(37, 'Miof mela', 'Latta', 'Lubniewice', 'mlatta10@cocolog-nifty.com', '51ab94aaa9036f189ea8f0c4038cbec1fbc49aec', '1983-05-09', 6),
(38, 'Daloris', 'Shwalbe', 'Jipijapa', 'dshwalbe11@washington.edu', '51ab94aaa9036f189ea8f0c4038cbec1fbc49aec', '1970-06-25', 6),
(39, 'Levi', 'Bramford', 'Buriram', 'lbramford12@instagram.com', '51ab94aaa9036f189ea8f0c4038cbec1fbc49aec', '2007-04-04', 6),
(40, 'Annadiane', 'Phillipson', 'Youxikou', 'aphillipson13@cnn.com', '51ab94aaa9036f189ea8f0c4038cbec1fbc49aec', '1988-02-24', 6),
(41, 'Jess', 'Frend', 'Chengjiang', 'jfrend14@github.io', '51ab94aaa9036f189ea8f0c4038cbec1fbc49aec', '1958-10-11', 6),
(42, 'Waverly', 'Lomasney', 'Elias Fausto', 'wlomasney15@sohu.com', '51ab94aaa9036f189ea8f0c4038cbec1fbc49aec', '1978-03-07', 6),
(43, 'Beckie', 'Tebbitt', 'Capitán Solari', 'btebbitt16@sitemeter.com', '51ab94aaa9036f189ea8f0c4038cbec1fbc49aec', '1994-05-19', 6),
(44, 'Will', 'Vearncomb', 'Sukarara Utara', 'wvearncomb17@deviantart.com', '51ab94aaa9036f189ea8f0c4038cbec1fbc49aec', '1971-10-22', 6),
(45, 'Ailis', 'Kealey', 'Jaba‘', 'akealey18@vinaora.com', '51ab94aaa9036f189ea8f0c4038cbec1fbc49aec', '1985-06-08', 6),
(46, 'Madelin', 'Kent', 'Nezlobnaya', 'mkent19@techcrunch.com', '51ab94aaa9036f189ea8f0c4038cbec1fbc49aec', '1972-10-15', 6),
(47, 'Murry', 'Hawkeswood', 'Fushan', 'mhawkeswood1a@java.com', '51ab94aaa9036f189ea8f0c4038cbec1fbc49aec', '1964-06-21', 6),
(48, 'Lonna', 'Guisby', 'Firmat', 'lguisby1b@xrea.com', '51ab94aaa9036f189ea8f0c4038cbec1fbc49aec', '1963-08-07', 6),
(49, 'Otis', 'Flannery', 'Senggreng', 'oflannery1c@pagesperso-orange.fr', '51ab94aaa9036f189ea8f0c4038cbec1fbc49aec', '1986-04-05', 7),
(50, 'Brina', 'Judkin', 'Oebatu', 'bjudkin1d@instagram.com', '51ab94aaa9036f189ea8f0c4038cbec1fbc49aec', '2004-08-08', 7),
(51, 'Rhonda', 'Belsher', 'Machalí', 'rbelsher1e@rambler.ru', '51ab94aaa9036f189ea8f0c4038cbec1fbc49aec', '2008-03-12', 7),
(52, 'Phedra', 'Gammidge', 'Chodová Planá', 'pgammidge1f@prlog.org', '51ab94aaa9036f189ea8f0c4038cbec1fbc49aec', '1973-04-06', 7),
(53, 'Kort', 'Cutchie', 'Monteiro', 'kcutchie1g@senate.gov', '51ab94aaa9036f189ea8f0c4038cbec1fbc49aec', '1989-01-27', 7),
(54, 'Mikey', 'Winram', 'Ḩadīdah', 'mwinram1h@blogspot.com', '51ab94aaa9036f189ea8f0c4038cbec1fbc49aec', '1981-11-29', 7),
(55, 'Flora', 'Gilkes', 'Remolino', 'fgilkes1i@pcworld.com', '51ab94aaa9036f189ea8f0c4038cbec1fbc49aec', '1993-10-29', 7),
(56, 'Ara', 'Grinyakin', 'Liuhe', 'agrinyakin1j@alibaba.com', '51ab94aaa9036f189ea8f0c4038cbec1fbc49aec', '1997-04-01', 7),
(57, 'Emelyne', 'Challender', 'Maevatanana', 'echallender1k@trellian.com', '51ab94aaa9036f189ea8f0c4038cbec1fbc49aec', '1960-09-26', 7),
(58, 'Alano', 'Juarez', 'Acharnés', 'ajuarez1l@businessweek.com', '51ab94aaa9036f189ea8f0c4038cbec1fbc49aec', '1987-01-01', 7),
(59, 'Conroy', 'MacAless', 'Gómez', 'cmacaless1m@dot.gov', '51ab94aaa9036f189ea8f0c4038cbec1fbc49aec', '1988-02-25', 7),
(60, 'Dulcia', 'Lared', 'Konstantinovskoye', 'dlared1n@addthis.com', '51ab94aaa9036f189ea8f0c4038cbec1fbc49aec', '1998-08-02', 7),
(61, 'Berke', 'Elesander', 'Guang’an', 'belesander1o@skype.com', '51ab94aaa9036f189ea8f0c4038cbec1fbc49aec', '1978-04-08', 7),
(62, 'Grannie', 'Beavers', 'Hovd', 'gbeavers1p@google.com.au', '51ab94aaa9036f189ea8f0c4038cbec1fbc49aec', '1995-05-17', 7),
(63, 'Christophe', 'Evesque', 'Tabuaço', 'cevesque1q@seattletimes.com', '51ab94aaa9036f189ea8f0c4038cbec1fbc49aec', '1989-01-30', 7),
(64, 'Corine', 'Camblin', 'Heshi', 'ccamblin1r@reuters.com', '51ab94aaa9036f189ea8f0c4038cbec1fbc49aec', '1982-05-29', 7),
(65, 'Bren', 'Dudden', 'Guitang', 'bdudden1s@nhs.uk', '51ab94aaa9036f189ea8f0c4038cbec1fbc49aec', '2006-12-25', 7),
(66, 'Gawain', 'Filyushkin', 'Volosovo', 'gfilyushkin1t@nytimes.com', '51ab94aaa9036f189ea8f0c4038cbec1fbc49aec', '1980-05-08', 7),
(67, 'Delphinia', 'Hatje', 'Abade de Neiva', 'dhatje1u@psu.edu', '51ab94aaa9036f189ea8f0c4038cbec1fbc49aec', '1980-08-26', 8),
(68, 'Carver', 'Jindracek', 'Cikaduen', 'cjindracek1v@google.com.hk', '51ab94aaa9036f189ea8f0c4038cbec1fbc49aec', '1984-03-21', 8),
(69, 'Jorie', 'Callinan', 'Souto', 'jcallinan1w@alexa.com', '51ab94aaa9036f189ea8f0c4038cbec1fbc49aec', '1958-04-03', 8),
(70, 'Catriona', 'Shapcote', 'Pittsburgh', 'cshapcote1x@who.int', '51ab94aaa9036f189ea8f0c4038cbec1fbc49aec', '1977-03-15', 8),
(71, 'Deidre', 'Eallis', 'Montceau-les-Mines', 'deallis1y@discuz.net', '51ab94aaa9036f189ea8f0c4038cbec1fbc49aec', '1991-05-24', 8),
(72, 'Ad', 'Jackling', 'Kishkenekol’', 'ajackling1z@jalbum.net', '51ab94aaa9036f189ea8f0c4038cbec1fbc49aec', '1993-01-12', 8),
(73, 'Christan', 'Golland', 'Huangtang', 'cgolland20@furl.net', '51ab94aaa9036f189ea8f0c4038cbec1fbc49aec', '2002-07-10', 8),
(74, 'Averill', 'Etteridge', 'Trzebiatów', 'aetteridge21@topsy.com', '51ab94aaa9036f189ea8f0c4038cbec1fbc49aec', '1957-12-26', 8),
(75, 'Caitrin', 'Wetherick', 'Mobile', 'cwetherick22@wordpress.com', '51ab94aaa9036f189ea8f0c4038cbec1fbc49aec', '1981-12-07', 9),
(76, 'Stearne', 'Dungate', 'Xinglong', 'sdungate23@slate.com', '51ab94aaa9036f189ea8f0c4038cbec1fbc49aec', '1956-07-08', 9),
(77, 'Jesse', 'Gillfillan', 'Sanok', 'jgillfillan24@vk.com', '51ab94aaa9036f189ea8f0c4038cbec1fbc49aec', '1962-02-04', 9),
(78, 'Rey', 'Farnorth', 'El Rincón', 'rfarnorth25@mashable.com', '51ab94aaa9036f189ea8f0c4038cbec1fbc49aec', '1963-07-15', 9),
(79, 'Vinni', 'Duggon', 'Alqueva', 'vduggon26@delicious.com', '51ab94aaa9036f189ea8f0c4038cbec1fbc49aec', '1967-05-22', 9),
(80, 'Adair', 'Brooks', 'Līvāni', 'abrooks27@mac.com', '51ab94aaa9036f189ea8f0c4038cbec1fbc49aec', '1966-10-14', 9),
(81, 'Magdaia', 'Yakunchikov', 'Jaguaruana', 'myakunchikov28@flavors.me', '51ab94aaa9036f189ea8f0c4038cbec1fbc49aec', '1974-11-13', 9),
(82, 'Quent', 'Stiffkins', 'Kebonagung', 'qstiffkins29@google.nl', '51ab94aaa9036f189ea8f0c4038cbec1fbc49aec', '1977-11-18', 9),
(83, 'Ailee', 'Fairey', 'Patpata Segundo', 'afairey2a@wix.com', '51ab94aaa9036f189ea8f0c4038cbec1fbc49aec', '1975-11-08', 9),
(84, 'Faun', 'Gounod', 'Jiang’an', 'fgounod2b@loc.gov', '51ab94aaa9036f189ea8f0c4038cbec1fbc49aec', '1964-08-27', 10),
(85, 'Roy', 'Bugge', 'Tsul-Ulaan', 'rbugge2c@adobe.com', '51ab94aaa9036f189ea8f0c4038cbec1fbc49aec', '1986-03-09', 10),
(86, 'Mariya', 'Riccardini', 'Sunjia', 'mriccardini2d@harvard.edu', '51ab94aaa9036f189ea8f0c4038cbec1fbc49aec', '1988-01-31', 10),
(87, 'Dennie', 'Kirvin', 'Mubo', 'dkirvin2e@geocities.jp', '51ab94aaa9036f189ea8f0c4038cbec1fbc49aec', '1962-10-16', 10),
(88, 'Early', 'Navein', 'Kobrinskoye', 'enavein2f@google.ru', '51ab94aaa9036f189ea8f0c4038cbec1fbc49aec', '1984-07-19', 10),
(89, 'Ody', 'Ambrosetti', 'Songgai', 'oambrosetti2g@usgs.gov', '51ab94aaa9036f189ea8f0c4038cbec1fbc49aec', '1971-08-19', 10),
(90, 'Katheryn', 'Erat', 'Malaga', 'kerat2h@discuz.net', '51ab94aaa9036f189ea8f0c4038cbec1fbc49aec', '1993-03-07', 10),
(91, 'Elfrida', 'Bage', 'Salinas', 'ebage2i@forbes.com', '51ab94aaa9036f189ea8f0c4038cbec1fbc49aec', '2003-07-14', 10),
(92, 'Malvina', 'Fosbraey', 'David', 'mfosbraey2j@nydailynews.com', '51ab94aaa9036f189ea8f0c4038cbec1fbc49aec', '1958-08-06', 10),
(93, 'Valerie', 'Karpfen', 'Kota Bharu', 'vkarpfen2k@psu.edu', '51ab94aaa9036f189ea8f0c4038cbec1fbc49aec', '1957-05-17', 10),
(94, 'Sibelle', 'Axleby', 'Llipa', 'saxleby2l@marketwatch.com', '51ab94aaa9036f189ea8f0c4038cbec1fbc49aec', '1984-09-28', 12),
(95, 'Albert', 'Parks', 'Hanzhong', 'aparks2m@ebay.com', '51ab94aaa9036f189ea8f0c4038cbec1fbc49aec', '1991-04-29', 12),
(96, 'Cynthie', 'Brands', 'Leigongmiao', 'cbrands2n@yale.edu', '51ab94aaa9036f189ea8f0c4038cbec1fbc49aec', '1989-08-21', 12),
(97, 'Petronille', 'Geater', 'Dolores', 'pgeater2o@washingtonpost.com', '51ab94aaa9036f189ea8f0c4038cbec1fbc49aec', '1962-08-17', 12),
(98, 'Tedda', 'Joule', 'Gagarawa', 'tjoule2p@ifeng.com', '51ab94aaa9036f189ea8f0c4038cbec1fbc49aec', '1997-10-21', 12),
(99, 'Dallis', 'Hansberry', 'Gurbuki', 'dhansberry2q@google.com.hk', '51ab94aaa9036f189ea8f0c4038cbec1fbc49aec', '1983-04-21', 12),
(100, 'Audie', 'Petronis', 'Frutal', 'apetronis2r@salon.com', '51ab94aaa9036f189ea8f0c4038cbec1fbc49aec', '1975-08-20', 12),
(101, 'Bernardine', 'Rohloff', 'Alīābad', 'brohloff2s@seesaa.net', '51ab94aaa9036f189ea8f0c4038cbec1fbc49aec', '1995-03-19', 12),
(102, 'Madalyn', 'Bogey', 'Caucasia', 'mbogey2t@discuz.net', '51ab94aaa9036f189ea8f0c4038cbec1fbc49aec', '1981-11-14', 12),
(103, 'Umberto', 'Casoni', 'Talisay', 'ucasoni2u@bloomberg.com', '51ab94aaa9036f189ea8f0c4038cbec1fbc49aec', '1997-10-15', 12),
(104, 'Lauren', 'Quinevan', 'Pergamos', 'lquinevan2v@rakuten.co.jp', '51ab94aaa9036f189ea8f0c4038cbec1fbc49aec', '1956-08-26', 12),
(105, 'Carney', 'Bernardos', 'Zaymishche', 'cbernardos2w@whitehouse.gov', '51ab94aaa9036f189ea8f0c4038cbec1fbc49aec', '1986-04-24', 12),
(106, 'Tomasina', 'Trimnell', 'Ogaminan', 'ttrimnell2x@csmonitor.com', '51ab94aaa9036f189ea8f0c4038cbec1fbc49aec', '1996-08-08', 12),
(107, 'Eilis', 'McLeoid', 'Changping', 'emcleoid2y@epa.gov', '51ab94aaa9036f189ea8f0c4038cbec1fbc49aec', '1986-09-29', 17),
(108, 'Nadia', 'Stalley', 'Garissa', 'nstalley2z@alexa.com', '51ab94aaa9036f189ea8f0c4038cbec1fbc49aec', '1995-06-09', 17),
(109, 'Roxi', 'Duquesnay', 'Noginsk', 'rduquesnay30@skype.com', '51ab94aaa9036f189ea8f0c4038cbec1fbc49aec', '1978-05-21', 17),
(110, 'Marcos', 'Gerhartz', 'San Pedro Pinula', 'mgerhartz31@google.nl', '51ab94aaa9036f189ea8f0c4038cbec1fbc49aec', '1967-10-02', 17),
(111, 'Rory', 'Upfold', 'Patrocinio', 'rupfold32@dyndns.org', '51ab94aaa9036f189ea8f0c4038cbec1fbc49aec', '1991-11-18', 17),
(112, 'Emelina', 'Parnham', 'Jeseník', 'eparnham33@yellowpages.com', '51ab94aaa9036f189ea8f0c4038cbec1fbc49aec', '1999-05-15', 17),
(113, 'Harwell', 'Carlyle', 'Cabittaogan', 'hcarlyle34@odnoklassniki.ru', '51ab94aaa9036f189ea8f0c4038cbec1fbc49aec', '1979-05-21', 17),
(114, 'Benedicto', 'Skelhorne', 'Hortolândia', 'bskelhorne35@domainmarket.com', '51ab94aaa9036f189ea8f0c4038cbec1fbc49aec', '1968-12-05', 17),
(115, 'Efrem', 'Cridlin', 'Mohelno', 'ecridlin36@merriam-webster.com', '51ab94aaa9036f189ea8f0c4038cbec1fbc49aec', '1985-12-05', 17),
(116, 'Olwen', 'Bergstram', 'Nassarawa', 'obergstram37@google.es', '51ab94aaa9036f189ea8f0c4038cbec1fbc49aec', '1995-09-02', 17),
(117, 'Binky', 'Cormode', 'Seč', 'bcormode38@virginia.edu', '51ab94aaa9036f189ea8f0c4038cbec1fbc49aec', '1957-01-14', 17),
(118, 'Creight', 'Krishtopaittis', 'Orzesze', 'ckrishtopaittis39@123-reg.co.uk', '51ab94aaa9036f189ea8f0c4038cbec1fbc49aec', '1998-07-14', 17),
(119, 'Piotr', 'Merriday', 'Okahandja', 'pmerriday3a@i2i.jp', '51ab94aaa9036f189ea8f0c4038cbec1fbc49aec', '1967-10-04', 17),
(120, 'Jeannette', 'Wallice', 'Guarenas', 'jwallice3b@gnu.org', '51ab94aaa9036f189ea8f0c4038cbec1fbc49aec', '1975-11-24', 17),
(121, 'Ben', 'Probbing', 'Vilkija', 'bprobbing3c@reference.com', '51ab94aaa9036f189ea8f0c4038cbec1fbc49aec', '1984-11-05', 17),
(122, 'Axe', 'Broz', 'Kembangarum', 'abroz3d@cam.ac.uk', '51ab94aaa9036f189ea8f0c4038cbec1fbc49aec', '2002-01-31', 17),
(123, 'Noe', 'Longina', 'Santa Clara La Laguna', 'nlongina3e@dropbox.com', '51ab94aaa9036f189ea8f0c4038cbec1fbc49aec', '1969-08-15', 18),
(124, 'Drew', 'Leadston', 'Klatakan', 'dleadston3f@ucsd.edu', '51ab94aaa9036f189ea8f0c4038cbec1fbc49aec', '1961-04-27', 18),
(125, 'Freeland', 'Stollhofer', 'Sainte-Anne-des-Plaines', 'fstollhofer3g@psu.edu', '51ab94aaa9036f189ea8f0c4038cbec1fbc49aec', '1973-10-17', 18),
(126, 'Gery', 'Rainer', 'La Mohammedia', 'grainer3h@wsj.com', '51ab94aaa9036f189ea8f0c4038cbec1fbc49aec', '1996-05-25', 18),
(127, 'Veriee', 'Pilkinton', 'Ciodeng', 'vpilkinton3i@ehow.com', '51ab94aaa9036f189ea8f0c4038cbec1fbc49aec', '1956-01-21', 18),
(128, 'Selene', 'Matevosian', 'Ciladaeun', 'smatevosian3j@google.pl', '51ab94aaa9036f189ea8f0c4038cbec1fbc49aec', '1961-11-03', 18),
(129, 'Matthus', 'Cadwallader', 'Shimeitang', 'mcadwallader3k@squarespace.com', '51ab94aaa9036f189ea8f0c4038cbec1fbc49aec', '1992-09-19', 18),
(130, 'Elise', 'Matusiak', 'Pho Thale', 'ematusiak3l@wufoo.com', '51ab94aaa9036f189ea8f0c4038cbec1fbc49aec', '1996-04-20', 18),
(131, 'Berenice', 'Fairham', 'Dalam', 'bfairham3m@parallels.com', '51ab94aaa9036f189ea8f0c4038cbec1fbc49aec', '1958-08-09', 18),
(132, 'Katine', 'Bestall', 'Punta Cana', 'kbestall3n@globo.com', '51ab94aaa9036f189ea8f0c4038cbec1fbc49aec', '1970-08-24', 18),
(133, 'Miof mela', 'Boldock', 'Sidaurip', 'mboldock3o@google.it', '51ab94aaa9036f189ea8f0c4038cbec1fbc49aec', '1969-09-11', 18),
(134, 'Traver', 'Belliss', 'Onueke', 'tbelliss3p@de.vu', '51ab94aaa9036f189ea8f0c4038cbec1fbc49aec', '2006-12-10', 18),
(135, 'Celesta', 'Bilbee', 'Otllak', 'cbilbee3q@barnesandnoble.com', '51ab94aaa9036f189ea8f0c4038cbec1fbc49aec', '1962-09-22', 18),
(136, 'Ricky', 'Clutram', 'Waina', 'rclutram3r@studiopress.com', '51ab94aaa9036f189ea8f0c4038cbec1fbc49aec', '2010-05-14', 18),
(137, 'Vilma', 'McLleese', 'San Fernando', 'vmclleese3s@ustream.tv', '51ab94aaa9036f189ea8f0c4038cbec1fbc49aec', '1976-08-24', 20),
(138, 'Bridget', 'Nevill', 'Addiet Canna', 'bnevill3t@google.pl', '51ab94aaa9036f189ea8f0c4038cbec1fbc49aec', '1959-11-04', 20),
(139, 'Sonni', 'Lismer', 'Mbaïki', 'slismer3u@jiathis.com', '51ab94aaa9036f189ea8f0c4038cbec1fbc49aec', '1980-03-06', 20),
(140, 'Dan', 'Burwood', 'Donan', 'dburwood3v@wikimedia.org', '51ab94aaa9036f189ea8f0c4038cbec1fbc49aec', '2005-07-17', 20),
(141, 'Jerad', 'Dumbelton', 'Karangsembung', 'jdumbelton3w@geocities.jp', '51ab94aaa9036f189ea8f0c4038cbec1fbc49aec', '2007-03-21', 20),
(142, 'Alethea', 'Jeaycock', 'Lidong', 'ajeaycock3x@rediff.com', '51ab94aaa9036f189ea8f0c4038cbec1fbc49aec', '2007-02-09', 20),
(143, 'Silvia', 'Olifaunt', 'Khrenovoye', 'solifaunt3y@mac.com', '51ab94aaa9036f189ea8f0c4038cbec1fbc49aec', '1959-05-02', 20),
(144, 'Tammara', 'Sturrock', 'Korets’', 'tsturrock3z@webnode.com', '51ab94aaa9036f189ea8f0c4038cbec1fbc49aec', '1990-05-03', 20),
(145, 'Annaliese', 'Siburn', 'Argel', 'asiburn40@google.fr', '51ab94aaa9036f189ea8f0c4038cbec1fbc49aec', '1961-01-10', 20),
(146, 'Filip', 'Pietroni', 'Erfangping', 'fpietroni41@who.int', '51ab94aaa9036f189ea8f0c4038cbec1fbc49aec', '1966-03-01', 21),
(147, 'Sven', 'Loffel', 'Siborong-borong', 'sloffel42@google.com.br', '51ab94aaa9036f189ea8f0c4038cbec1fbc49aec', '1997-05-16', 21),
(148, 'Sayers', 'Rowaszkiewicz', 'Tseel', 'srowaszkiewicz43@purevolume.com', '51ab94aaa9036f189ea8f0c4038cbec1fbc49aec', '2005-05-12', 21),
(149, 'Chester', 'O\'Growgane', 'Kamen', 'cogrowgane44@cbc.ca', '51ab94aaa9036f189ea8f0c4038cbec1fbc49aec', '1987-02-01', 21),
(150, 'Shani', 'Bath', 'Shāhīn Shahr', 'sbath45@google.ru', '51ab94aaa9036f189ea8f0c4038cbec1fbc49aec', '2007-09-24', 21),
(151, 'Lizabeth', 'Ebben', 'Manoc-Manoc', 'lebben46@over-blog.com', '51ab94aaa9036f189ea8f0c4038cbec1fbc49aec', '1993-07-05', 21),
(152, 'Kennith', 'Humberston', 'Cigoong', 'khumberston47@senate.gov', '51ab94aaa9036f189ea8f0c4038cbec1fbc49aec', '1989-08-22', 21),
(153, 'Katina', 'Worboys', 'Campo de la Cruz', 'kworboys48@last.fm', '51ab94aaa9036f189ea8f0c4038cbec1fbc49aec', '2001-01-31', 21),
(154, 'Mitchel', 'Bowery', 'Karangparwa', 'mbowery49@narod.ru', '51ab94aaa9036f189ea8f0c4038cbec1fbc49aec', '1964-12-15', 21),
(155, 'Stanislaus', 'Emanulsson', 'Olonets', 'semanulsson4a@si.edu', '51ab94aaa9036f189ea8f0c4038cbec1fbc49aec', '1980-12-12', 21),
(156, 'Cleve', 'Pocke', 'Nizhniy Kislyay', 'cpocke4b@slashdot.org', '51ab94aaa9036f189ea8f0c4038cbec1fbc49aec', '1987-12-12', 21),
(157, 'Analiese', 'Monier', 'Abaeté', 'amonier4c@home.pl', '51ab94aaa9036f189ea8f0c4038cbec1fbc49aec', '1964-10-20', 21),
(158, 'Brit', 'Mafham', 'Jonava', 'bmafham4d@skype.com', '51ab94aaa9036f189ea8f0c4038cbec1fbc49aec', '2006-07-03', 21),
(159, 'Dennie', 'Lye', 'Chengdong', 'dlye4e@bbb.org', '51ab94aaa9036f189ea8f0c4038cbec1fbc49aec', '1958-05-03', 21),
(160, 'Reinhard', 'Eslemont', 'Yunhe', 'reslemont4f@ucoz.ru', '51ab94aaa9036f189ea8f0c4038cbec1fbc49aec', '1990-10-21', 21),
(161, 'Alistair', 'Gregol', 'Palmar de Varela', 'agregol4g@edublogs.org', '51ab94aaa9036f189ea8f0c4038cbec1fbc49aec', '1979-06-14', 21),
(162, 'Kit', 'Warstall', 'Montréal-Ouest', 'kwarstall4h@imdb.com', '51ab94aaa9036f189ea8f0c4038cbec1fbc49aec', '1971-09-07', 21),
(163, 'Marleah', 'Goodsir', 'Lubenia', 'mgoodsir4i@aboutads.info', '51ab94aaa9036f189ea8f0c4038cbec1fbc49aec', '2009-12-06', 22),
(164, 'Obed', 'Maplestone', 'Bambang', 'omaplestone4j@alibaba.com', '51ab94aaa9036f189ea8f0c4038cbec1fbc49aec', '1981-04-30', 22),
(165, 'Ursa', 'Bulteel', 'Intendente Alvear', 'ubulteel4k@bravesites.com', '51ab94aaa9036f189ea8f0c4038cbec1fbc49aec', '1966-03-12', 22),
(166, 'Harli', 'Reinmar', 'Xuling', 'hreinmar4l@soundcloud.com', '51ab94aaa9036f189ea8f0c4038cbec1fbc49aec', '2005-09-17', 22),
(167, 'Evelina', 'Androletti', 'Charleston', 'eandroletti4m@mit.edu', '51ab94aaa9036f189ea8f0c4038cbec1fbc49aec', '1987-03-10', 22),
(168, 'Laetitia', 'Ludewig', 'Paris 08', 'lludewig4n@imdb.com', '51ab94aaa9036f189ea8f0c4038cbec1fbc49aec', '2005-12-13', 22),
(169, 'Skipton', 'Gligoraci', 'Ivoti', 'sgligoraci4o@uol.com.br', '51ab94aaa9036f189ea8f0c4038cbec1fbc49aec', '1976-02-08', 22),
(170, 'Rivalee', 'Sange', 'Rio Brilhante', 'rsange4p@harvard.edu', '51ab94aaa9036f189ea8f0c4038cbec1fbc49aec', '2009-06-23', 22),
(171, 'Zachariah', 'Broek', 'Quinta da Queimada', 'zbroek4q@washington.edu', '51ab94aaa9036f189ea8f0c4038cbec1fbc49aec', '2004-08-09', 22),
(172, 'Ebonee', 'Valentinuzzi', 'Oslo', 'evalentinuzzi4r@mit.edu', '51ab94aaa9036f189ea8f0c4038cbec1fbc49aec', '1981-04-02', 22),
(173, 'Craggie', 'Nuemann', 'Strellc i Ulët', 'cnuemann4s@mozilla.com', '51ab94aaa9036f189ea8f0c4038cbec1fbc49aec', '2009-01-21', 22),
(174, 'Winnie', 'Shinton', 'Taywanak Ilaya', 'wshinton4t@ebay.com', '51ab94aaa9036f189ea8f0c4038cbec1fbc49aec', '1991-02-24', 22),
(175, 'Pansie', 'Gatehouse', 'Montargis', 'pgatehouse4u@loc.gov', '51ab94aaa9036f189ea8f0c4038cbec1fbc49aec', '1957-04-24', 22),
(176, 'Wilfrid', 'Starmore', 'Sacapulas', 'wstarmore4v@live.com', '51ab94aaa9036f189ea8f0c4038cbec1fbc49aec', '1985-08-11', 22),
(177, 'Deloria', 'Castiblanco', 'Virojoki', 'dcastiblanco4w@blogtalkradio.com', '51ab94aaa9036f189ea8f0c4038cbec1fbc49aec', '2006-04-03', 22),
(178, 'Sybila', 'L\'Archer', 'Newark', 'slarcher4x@berkeley.edu', '51ab94aaa9036f189ea8f0c4038cbec1fbc49aec', '1977-02-15', 22),
(179, 'Annmarie', 'Soane', 'Huari', 'asoane4y@behance.net', '51ab94aaa9036f189ea8f0c4038cbec1fbc49aec', '1989-06-23', 22),
(180, 'Magnum', 'Challenger', 'Drammen', 'mchallenger4z@last.fm', '51ab94aaa9036f189ea8f0c4038cbec1fbc49aec', '1984-08-03', 22),
(181, 'Beau', 'Hearty', 'Zhuozishan', 'bhearty50@goo.gl', '51ab94aaa9036f189ea8f0c4038cbec1fbc49aec', '2007-04-28', 23),
(182, 'Cilka', 'Puddefoot', 'Ţūlkarm', 'cpuddefoot51@amazon.co.jp', '51ab94aaa9036f189ea8f0c4038cbec1fbc49aec', '1989-04-10', 23),
(183, 'Chaddie', 'Towsie', 'Imsida', 'ctowsie52@webnode.com', '51ab94aaa9036f189ea8f0c4038cbec1fbc49aec', '1976-06-02', 23),
(184, 'Micaela', 'Dilliway', 'La Soledad', 'mdilliway53@youtu.be', '51ab94aaa9036f189ea8f0c4038cbec1fbc49aec', '1986-03-14', 32),
(185, 'Felita', 'Rathke', 'Włocławek', 'frathke54@google.co.jp', '51ab94aaa9036f189ea8f0c4038cbec1fbc49aec', '2010-03-29', 32),
(186, 'Sheila-kathryn', 'Valsler', 'Patos Fshat', 'svalsler55@purevolume.com', '51ab94aaa9036f189ea8f0c4038cbec1fbc49aec', '1988-05-19', 23),
(187, 'Emilio', 'Ludmann', 'Lenningen', 'eludmann56@nhs.uk', '51ab94aaa9036f189ea8f0c4038cbec1fbc49aec', '1970-12-12', 23),
(188, 'Libbie', 'Hardman', 'Xingxi', 'lhardman57@canalblog.com', '51ab94aaa9036f189ea8f0c4038cbec1fbc49aec', '1998-09-23', 23),
(189, 'Dolly', 'Drakeford', 'Tremembé', 'ddrakeford58@reddit.com', '51ab94aaa9036f189ea8f0c4038cbec1fbc49aec', '1959-07-31', 23),
(190, 'Elmer', 'Ferrotti', 'Ipoh', 'eferrotti59@canalblog.com', '51ab94aaa9036f189ea8f0c4038cbec1fbc49aec', '1978-02-19', 23),
(191, 'Gerrard', 'Bankes', 'Manticao', 'gbankes5a@vkontakte.ru', '51ab94aaa9036f189ea8f0c4038cbec1fbc49aec', '1978-09-28', 23),
(192, 'Broddy', 'Golsby', 'Bouaflé', 'bgolsby5b@rambler.ru', '51ab94aaa9036f189ea8f0c4038cbec1fbc49aec', '1990-12-09', 23),
(193, 'Hy', 'Hayler', 'Boca Chica', 'hhayler5c@elpais.com', '51ab94aaa9036f189ea8f0c4038cbec1fbc49aec', '1994-05-19', 23),
(194, 'Marlyn', 'Barthelet', 'Leworook', 'mbarthelet5d@godaddy.com', '51ab94aaa9036f189ea8f0c4038cbec1fbc49aec', '1977-10-24', 24),
(195, 'Homerus', 'Matteini', 'Elmira', 'hmatteini5e@ifeng.com', '51ab94aaa9036f189ea8f0c4038cbec1fbc49aec', '1960-01-13', 24),
(196, 'Eldredge', 'Druce', 'Poá', 'edruce5f@tripod.com', '51ab94aaa9036f189ea8f0c4038cbec1fbc49aec', '2005-09-03', 24),
(197, 'Rita', 'Coupman', 'Dalmatovo', 'rcoupman5g@squarespace.com', '51ab94aaa9036f189ea8f0c4038cbec1fbc49aec', '1995-01-28', 24),
(198, 'Poul', 'Wharby', 'Romblon', 'pwharby5h@posterous.com', '51ab94aaa9036f189ea8f0c4038cbec1fbc49aec', '1994-09-17', 24),
(199, 'Alexei', 'Zolini', 'Podporozh’ye', 'azolini5i@theguardian.com', '51ab94aaa9036f189ea8f0c4038cbec1fbc49aec', '1998-10-16', 24),
(200, 'Dana', 'McQuaide', 'Rokitno Szlacheckie', 'dmcquaide5j@imageshack.us', '51ab94aaa9036f189ea8f0c4038cbec1fbc49aec', '1999-07-25', 24),
(201, 'Lorie', 'McFarlane', 'Xinzheng', 'lmcfarlane5k@addtoany.com', '51ab94aaa9036f189ea8f0c4038cbec1fbc49aec', '1994-03-30', 31),
(202, 'Lorelei', 'Edgerly', 'Al Jawf', 'ledgerly5l@com.com', '51ab94aaa9036f189ea8f0c4038cbec1fbc49aec', '2009-03-05', 31),
(203, 'Reta', 'Russell', 'Kristinehamn', 'rrussell5m@amazonaws.com', '51ab94aaa9036f189ea8f0c4038cbec1fbc49aec', '1983-03-02', 31),
(204, 'Carny', 'Tremouille', 'Węgorzyno', 'ctremouille5n@sciencedirect.com', '51ab94aaa9036f189ea8f0c4038cbec1fbc49aec', '1988-07-31', 24),
(205, 'Daphene', 'Antonopoulos', 'Montpellier', 'dantonopoulos5o@instagram.com', '51ab94aaa9036f189ea8f0c4038cbec1fbc49aec', '2002-05-10', 24),
(206, 'Darice', 'Yablsley', 'Sa’erhusong', 'dyablsley5p@ifeng.com', '51ab94aaa9036f189ea8f0c4038cbec1fbc49aec', '1967-12-25', 24),
(207, 'Claudine', 'Crafter', 'Rostov', 'ccrafter5q@usda.gov', '51ab94aaa9036f189ea8f0c4038cbec1fbc49aec', '1965-11-05', 24),
(208, 'Kellina', 'Svanetti', 'Changjiang', 'ksvanetti5r@europa.eu', '51ab94aaa9036f189ea8f0c4038cbec1fbc49aec', '1956-07-02', 24),
(209, 'Ulysses', 'Canto', 'Bailu', 'ucanto5s@sina.com.cn', '51ab94aaa9036f189ea8f0c4038cbec1fbc49aec', '1978-11-03', 24),
(210, 'Ingrim', 'Champneys', 'San Isidro', 'ichampneys5t@alexa.com', '51ab94aaa9036f189ea8f0c4038cbec1fbc49aec', '1968-05-05', 24),
(211, 'Roseline', 'Aubrun', 'Shijie', 'raubrun5u@cbsnews.com', '51ab94aaa9036f189ea8f0c4038cbec1fbc49aec', '1993-12-05', 25),
(212, 'Sheryl', 'Basilio', 'Haguenau', 'sbasilio5v@hp.com', '51ab94aaa9036f189ea8f0c4038cbec1fbc49aec', '1955-04-04', 25),
(213, 'Frasco', 'Hadingham', 'Vicente Guerrero', 'fhadingham5w@dagondesign.com', '51ab94aaa9036f189ea8f0c4038cbec1fbc49aec', '2010-11-20', 25),
(214, 'Helge', 'Frill', 'Nato', 'hfrill5x@fotki.com', '51ab94aaa9036f189ea8f0c4038cbec1fbc49aec', '2004-01-12', 25),
(215, 'Tull', 'McPhilemy', 'Caramay', 'tmcphilemy5y@unblog.fr', '51ab94aaa9036f189ea8f0c4038cbec1fbc49aec', '1957-07-05', 25),
(216, 'Joli', 'Welbelove', 'Chowṉêy', 'jwelbelove5z@yandex.ru', '51ab94aaa9036f189ea8f0c4038cbec1fbc49aec', '1973-12-06', 25),
(217, 'Marlyn', 'Tousy', 'Aroroy', 'mtousy60@unesco.org', '51ab94aaa9036f189ea8f0c4038cbec1fbc49aec', '1994-06-21', 25),
(218, 'Cristabel', 'Tingley', 'Mendefera', 'ctingley61@irs.gov', '51ab94aaa9036f189ea8f0c4038cbec1fbc49aec', '1981-06-13', 25),
(219, 'Murry', 'McClymond', 'Tan-Tan', 'mmcclymond62@nbcnews.com', '51ab94aaa9036f189ea8f0c4038cbec1fbc49aec', '1982-09-23', 25),
(220, 'Abdul', 'Benitti', 'Guishan', 'abenitti63@oakley.com', '51ab94aaa9036f189ea8f0c4038cbec1fbc49aec', '1983-11-07', 25),
(221, 'Etienne', 'Tatterton', '‘Izrā', 'etatterton64@w3.org', '51ab94aaa9036f189ea8f0c4038cbec1fbc49aec', '2008-07-03', 25),
(222, 'Adrian', 'Rixon', 'Le Havre', 'arixon65@cdbaby.com', '51ab94aaa9036f189ea8f0c4038cbec1fbc49aec', '2007-09-16', 26),
(223, 'Jessy', 'Hazard', 'Cové', 'jhazard66@cyberchimps.com', '51ab94aaa9036f189ea8f0c4038cbec1fbc49aec', '2000-11-25', 26),
(224, 'Hunt', 'Yakuntzov', 'Ostrów Lubelski', 'hyakuntzov67@usatoday.com', '51ab94aaa9036f189ea8f0c4038cbec1fbc49aec', '1997-01-20', 26),
(225, 'Cherry', 'McSpirron', 'Karangtalun', 'cmcspirron68@creativecommons.org', '51ab94aaa9036f189ea8f0c4038cbec1fbc49aec', '1975-09-03', 26),
(226, 'Dewey', 'Siddle', 'Godong', 'dsiddle69@mtv.com', '51ab94aaa9036f189ea8f0c4038cbec1fbc49aec', '1974-05-07', 26),
(227, 'Sax', 'Puden', 'Bosanski Brod', 'spuden6a@blinklist.com', '51ab94aaa9036f189ea8f0c4038cbec1fbc49aec', '1984-02-14', 26),
(228, 'Jasper', 'Preddle', 'Paokmotong Utara', 'jpreddle6b@wikispaces.com', '51ab94aaa9036f189ea8f0c4038cbec1fbc49aec', '1980-04-16', 26),
(229, 'Florence', 'Kolodziejski', 'Centre de Flacq', 'fkolodziejski6c@bigcartel.com', '51ab94aaa9036f189ea8f0c4038cbec1fbc49aec', '1993-10-18', 26),
(230, 'Akim', 'Van der Beken', 'Namboongan', 'avanderbeken6d@admin.ch', '51ab94aaa9036f189ea8f0c4038cbec1fbc49aec', '1967-08-16', 26),
(231, 'Warner', 'Knaggs', 'Yiyang', 'wknaggs6e@si.edu', '51ab94aaa9036f189ea8f0c4038cbec1fbc49aec', '1971-06-12', 27),
(232, 'Nan', 'Thomke', 'Takedamachi', 'nthomke6f@qq.com', '51ab94aaa9036f189ea8f0c4038cbec1fbc49aec', '1995-12-03', 27),
(233, 'Athena', 'Clowney', 'Bentiu', 'aclowney6g@studiopress.com', '51ab94aaa9036f189ea8f0c4038cbec1fbc49aec', '1967-04-20', 27),
(234, 'Olwen', 'McGrotty', 'Lanzhong', 'omcgrotty6h@washingtonpost.com', '51ab94aaa9036f189ea8f0c4038cbec1fbc49aec', '1992-09-18', 27),
(235, 'Allyn', 'Garvey', 'Demerval Lobão', 'agarvey6i@biblegateway.com', '51ab94aaa9036f189ea8f0c4038cbec1fbc49aec', '1994-05-17', 27),
(236, 'Devon', 'Cuppitt', 'Jiuxian', 'dcuppitt6j@facebook.com', '51ab94aaa9036f189ea8f0c4038cbec1fbc49aec', '1959-04-17', 27),
(237, 'Pavel', 'Currao', 'Hrodna', 'pcurrao6k@parallels.com', '51ab94aaa9036f189ea8f0c4038cbec1fbc49aec', '1963-10-15', 30),
(238, 'Gael', 'Halesworth', 'Dulangan', 'ghalesworth6l@sphinn.com', '51ab94aaa9036f189ea8f0c4038cbec1fbc49aec', '2007-04-06', 30),
(239, 'Tadd', 'Lightbourne', 'Bradenton', 'tlightbourne6m@cargocollective.com', '51ab94aaa9036f189ea8f0c4038cbec1fbc49aec', '1992-08-10', 30),
(240, 'Rawley', 'Ashelford', 'Al Mashāf', 'rashelford6n@dion.ne.jp', '51ab94aaa9036f189ea8f0c4038cbec1fbc49aec', '1997-10-26', 30),
(241, 'Broddy', 'Mangenot', 'Boshan', 'bmangenot6o@furl.net', '51ab94aaa9036f189ea8f0c4038cbec1fbc49aec', '2001-06-15', 27),
(242, 'Jone', 'Speechley', 'Simimbaan', 'jspeechley6p@meetup.com', '51ab94aaa9036f189ea8f0c4038cbec1fbc49aec', '2008-02-12', 28),
(243, 'Clemence', 'Duxbarry', 'Kuybyshevo', 'cduxbarry6q@psu.edu', '51ab94aaa9036f189ea8f0c4038cbec1fbc49aec', '1990-03-22', 28),
(244, 'Reade', 'Pryell', 'Kanada', 'rpryell6r@skyrock.com', '51ab94aaa9036f189ea8f0c4038cbec1fbc49aec', '2004-01-07', 28),
(245, 'Muire', 'Schoenfisch', 'Dalang', 'mschoenfisch6s@networkadvertising.org', '51ab94aaa9036f189ea8f0c4038cbec1fbc49aec', '1982-12-26', 28),
(246, 'Loydie', 'Agius', 'Suvorovskaya', 'lagius6t@admin.ch', '51ab94aaa9036f189ea8f0c4038cbec1fbc49aec', '1995-05-23', 28),
(247, 'Mag', 'Eddowis', 'Igcocolo', 'meddowis6u@ezinearticles.com', '51ab94aaa9036f189ea8f0c4038cbec1fbc49aec', '1968-05-22', 28),
(248, 'Kalvin', 'Eveleigh', 'Pasauran', 'keveleigh6v@narod.ru', '51ab94aaa9036f189ea8f0c4038cbec1fbc49aec', '1992-05-07', 28),
(249, 'Shandeigh', 'Erwin', 'Suvorov', 'serwin6w@taobao.com', '51ab94aaa9036f189ea8f0c4038cbec1fbc49aec', '1999-04-24', 28),
(250, 'Cicely', 'Francklin', 'Hangbu', 'cfrancklin6x@theguardian.com', '51ab94aaa9036f189ea8f0c4038cbec1fbc49aec', '1978-03-16', 29);

-- --------------------------------------------------------

--
-- Structure de la table `clients`
--

DROP TABLE IF EXISTS `clients`;
CREATE TABLE IF NOT EXISTS `clients` (
  `id` varchar(40) NOT NULL,
  `Nom` varchar(50) DEFAULT NULL,
  `Prenom` varchar(50) DEFAULT NULL,
  `email` varchar(50) DEFAULT NULL,
  `Password` varchar(50) DEFAULT NULL,
  `DateNaissance` date DEFAULT NULL,
  `id_cinema` int(11) DEFAULT NULL,
  PRIMARY KEY (`id`),
  UNIQUE KEY `clients_id_uindex` (`id`),
  KEY `clients___fk` (`id_cinema`)
) ENGINE=MyISAM DEFAULT CHARSET=utf8;

--
-- Déchargement des données de la table `clients`
--

INSERT INTO `clients` (`id`, `Nom`, `Prenom`, `email`, `Password`, `DateNaissance`, `id_cinema`) VALUES
('8fa79d93-7c3f-4ba4-88c6-5cb62a8e2a7d', 'Kata', 'Mossom', 'kmossom0@unc.edu', 'TZmfhJ4Z', '1977-05-16', 30),
('78d07d68-c38e-452c-946f-6fc6ee1b2cfe', 'Darb', 'Tanzig', 'dtanzig1@howstuffworks.com', '3yFX6JF22NC', '1959-04-24', 6),
('7bd70d36-9326-4f47-93cb-0b556b40f18f', 'Corrinne', 'Lewsey', 'clewsey2@ox.ac.uk', 'KFjkApJRG0KR', '1969-04-01', 27),
('53947e78-0abc-4333-9533-9a8320de5257', 'Sherwood', 'Scrivenor', 'sscrivenor3@indiatimes.com', 'J9ZrSNhD', '1969-08-24', 12),
('f8bc7000-6472-4f93-ad10-8d5b66a98aa5', 'Putnam', 'Bransgrove', 'pbransgrove4@dell.com', '6Nchd7', '2005-09-04', 12),
('681ac2b1-ab82-4415-bb14-cae1ebd7f7d4', 'Gaynor', 'Arthan', 'garthan5@yellowpages.com', 'hOEHnsyODETy', '1958-09-05', 6),
('410a959d-4e8a-4bf3-a524-37783cedd396', 'Claudetta', 'Eckh', 'ceckh6@businessweek.com', 'tftAJ72', '1957-05-25', 28),
('2862d1b2-591d-4716-9316-2f477e1ee06f', 'Carolin', 'Klosser', 'cklosser7@businessweek.com', 'ZnYv19', '1967-03-29', 13),
('373dbe04-9d7f-4c3f-bdcd-2fdb741a0edb', 'Kalie', 'Havercroft', 'khavercroft8@fema.gov', 'Sufe9N', '1984-10-12', 8),
('a86e75b7-ee27-4521-bbf7-4de9ceecfd06', 'Melitta', 'Bennit', 'mbennit9@feedburner.com', 'thcI2h14Hn4U', '1956-02-15', 22),
('170f96a2-46bb-4b65-b4d3-6b67f05e3c10', 'Jessee', 'Finlan', 'jfinlana@bravesites.com', 'sFPfIyGQnPb', '1989-11-26', 1),
('18e522df-de60-4233-8870-4997c3a5a953', 'Cheryl', 'Keslake', 'ckeslakeb@jugem.jp', 'hOljY7', '1990-01-27', 7),
('60552575-fed2-44c5-b7b7-cf543f1dcde0', 'Val', 'Kinchley', 'vkinchleyc@umn.edu', '0ueJ84t', '1990-03-10', 23),
('8d8ab4ea-d5f9-4a19-8dce-b9757fa61a0f', 'Leisha', 'Southon', 'lsouthond@paginegialle.it', 'QjQU1A8', '1973-09-21', 2),
('aeb03204-1a07-4271-9673-a035867f3043', 'Emmett', 'Catmull', 'ecatmulle@pbs.org', 'Xo3kKcVe', '1959-10-15', 25),
('674a5ceb-3169-4794-8121-8d8d54fb3ad9', 'Rozele', 'Wardel', 'rwardelf@canalblog.com', 'CNiJ953JC', '1965-03-18', 30),
('9ae2c89b-1ff0-4d39-8aaf-180ea2693a09', 'Ulrica', 'Temby', 'utembyg@e-recht24.de', 'HWtZS1L', '1957-05-17', 27),
('abe04ad4-0d56-44eb-85d5-4f1470e2b12e', 'Sterling', 'Sheraton', 'ssheratonh@who.int', 'quKkSq4lWwdJ', '2003-12-21', 29),
('25cd647f-7839-40a4-acfd-fefdf6d0e634', 'Fitz', 'McGavigan', 'fmcgavigani@devhub.com', 'iTt0myC', '1971-09-25', 18),
('87d5e643-76e8-4c97-8983-7a1a6f6f3be2', 'Aloisia', 'Manna', 'amannaj@youtube.com', 'lvLOcsYVUrl', '1984-03-27', 22),
('19138b07-a516-4c36-8595-b94404537ca1', 'Anallese', 'Gaudon', 'agaudonk@discovery.com', 'JtykXT', '1992-04-18', 15),
('be0078c3-1908-4d65-9419-e97e21ecec6c', 'Phip', 'Fluger', 'pflugerl@accuweather.com', 'ECjAzcM6', '2001-12-25', 24),
('48363f2a-62e0-4554-b7bb-a82f09d7f5e1', 'Jeniffer', 'Witul', 'jwitulm@rakuten.co.jp', 'VAEI6QOQjM', '1993-10-01', 16),
('ba5bc05b-7787-41a0-9774-b9a200d4f4bb', 'Lanie', 'Kermit', 'lkermitn@unicef.org', 'TdIJCDpXIH9', '1958-12-22', 12),
('222783d2-a946-4f38-a022-4043fa3f3570', 'Leupold', 'Seabon', 'lseabono@dot.gov', 'tATswGu', '1974-08-07', 5),
('9ad678ad-5ba2-47a0-8a78-e2fab633711c', 'Barry', 'Rawson', 'brawsonp@gmpg.org', 'rrIcZNS4N', '1964-09-19', 6),
('db4441ed-1f1d-453c-8dec-2280fe6f3442', 'Fancy', 'Calles', 'fcallesq@wikia.com', 'G7rXGW5LKLT', '1979-01-20', 18),
('117559c9-edfe-4b6a-9c55-e114fd834a8e', 'Cassaundra', 'Beckensall', 'cbeckensallr@nba.com', '8jz6VXPoB', '1995-06-28', 16),
('f4abab5a-f442-49b5-981f-75efe48be823', 'Nevin', 'Sanbrooke', 'nsanbrookes@unc.edu', 'E8ryucR3EHJ', '1991-06-10', 2),
('0b8faa53-0a31-478f-be11-b7516bfafc60', 'Demott', 'Braganza', 'dbraganzat@ihg.com', 'KLmDVFzO', '2000-01-05', 18),
('bb5862f2-9d68-41c1-a1df-790c6c1ef98e', 'Jeri', 'Rivelon', 'jrivelonu@home.pl', '09PEgQdluqS', '2003-09-22', 10),
('a278a263-300c-4b82-ac0d-b3d3fe998569', 'Rance', 'Glendining', 'rglendiningv@example.com', 'L2OlEsxtEz', '1992-01-15', 6),
('55f13ddd-7a9a-4762-9ebc-ade44e40a9f9', 'Brod', 'Hanning', 'bhanningw@upenn.edu', 'Y9Y9DK5', '1996-08-25', 29),
('9d4223d2-0945-41bb-8a67-469b35834b60', 'Hubie', 'Greggersen', 'hgreggersenx@hp.com', 'd6TCuzAp1', '1969-09-10', 18),
('467f9759-e9aa-448c-82ce-871a6eeef380', 'Burnaby', 'Gimeno', 'bgimenoy@addtoany.com', 'qKQp9UeKiCf', '1985-12-09', 10),
('40d6eb54-5b35-4c46-b1bc-ec5ab26c1fca', 'Orlan', 'Chalkly', 'ochalklyz@nydailynews.com', '8URopjV', '1975-06-12', 13),
('bcb973e2-ac91-465e-90f7-961663e27d06', 'Royal', 'Lympenie', 'rlympenie10@tumblr.com', '5cTXj9gWFD', '1996-08-28', 11),
('4e3c701b-7c0f-418b-b296-f382a402c032', 'Gib', 'Gaughan', 'ggaughan11@paginegialle.it', 'F6AICxZH00', '1992-04-07', 14),
('1e502771-fdcb-4c24-bb69-f753e3b1b158', 'Gradey', 'Fisher', 'gfisher12@cbslocal.com', 'OpQCVR2I0yR', '1972-09-12', 24),
('a0f964e4-64c9-4ecc-884b-28404dbdb520', 'Roger', 'Pesticcio', 'rpesticcio13@nifty.com', 'N9TBlkc47', '1958-02-17', 26),
('4d36677f-717b-4aba-bbfc-73708f521215', 'Bil', 'Whitehurst', 'bwhitehurst14@wired.com', 'NdF1lDtuISiN', '1963-04-12', 12),
('cfaea24e-f8d3-46df-b732-27f5bdc1831c', 'Nathalia', 'Leisk', 'nleisk15@exblog.jp', 'UUgvt8MvQitp', '2004-05-30', 15),
('6338e63a-c3f6-4179-930e-e2c31f1c63ca', 'Buddy', 'Fursland', 'bfursland16@unblog.fr', '2oznYCKnUf', '2005-11-20', 14),
('57d8f762-74fa-4451-8759-78e62b5e41f3', 'Eugenie', 'Radnage', 'eradnage17@purevolume.com', 'JLOFkA0', '1988-06-16', 18),
('9b50effc-86fc-4a13-a60c-94bae2d80a62', 'Gabrila', 'Smeuin', 'gsmeuin18@rakuten.co.jp', 'UK7oxO53VXy', '1965-01-24', 1),
('cc13591d-26a8-4e47-aefe-35edd855977e', 'Hastings', 'Huggins', 'hhuggins19@google.com.hk', 'c81QtPPILDpY', '2002-03-01', 10),
('c77da19e-b042-4c9e-a8d8-2ac7b0ab6f7e', 'Caz', 'Arnot', 'carnot1a@deliciousdays.com', 'cc5rltl', '1992-02-10', 23),
('626e4dc9-20be-4cb2-a00c-fe10b9d80f49', 'Sebastien', 'Yakunikov', 'syakunikov1b@oaic.gov.au', 'sgqLpFe', '1960-10-06', 2),
('3541dbc3-a299-4339-8171-65ced230212c', 'Marwin', 'Lytton', 'mlytton1c@xinhuanet.com', '5UvIapQy', '1960-09-16', 5),
('85b26c22-8311-4ec6-833e-18febd7c356f', 'Berkley', 'Vigneron', 'bvigneron1d@icq.com', 'tGWfBKy', '1962-10-19', 2),
('f9a82912-81a3-48f8-9309-e9f9e8c94470', 'Alfredo', 'Novotna', 'anovotna1e@economist.com', 'KrwqjIoQgtv6', '1994-05-14', 25),
('dccafdbc-edd4-462c-a934-6e075076f25b', 'Aurel', 'Assiratti', 'aassiratti1f@sina.com.cn', 'YKGGcPo3fNS', '1957-06-27', 16),
('0bd6c5d4-c228-4b6e-be1a-ea7081339ef7', 'Concordia', 'Mesnard', 'cmesnard1g@infoseek.co.jp', 'Vx3RzpKGUr', '1995-06-04', 27),
('2f56e45b-3b64-4246-b4be-86ddb4d9019b', 'Quinn', 'Betchley', 'qbetchley1h@devhub.com', 'egAZQsg', '1979-11-24', 17),
('13a45a06-d044-4207-af64-22aba3982c6b', 'Kit', 'Barlee', 'kbarlee1i@bizjournals.com', 'h4OQsGvI', '1998-05-26', 8),
('6b165be4-bc4f-4181-b15c-e4315a7d5e6b', 'Merv', 'Antill', 'mantill1j@ox.ac.uk', 'DQU07SI7hbT', '2000-08-14', 25),
('0ac57f71-a70c-455b-bc25-8739ef9e3747', 'Sebastiano', 'Hubery', 'shubery1k@freewebs.com', 'EIYXR0AYqCJ', '1967-04-21', 22),
('3414d5b1-415c-404b-8c2d-c49971a8e4b5', 'Garrett', 'Kennaird', 'gkennaird1l@chron.com', 'rQ6tt7CyBEw', '2004-08-05', 12),
('acaa4fe8-f02f-4908-bcc5-6f78b10a73b0', 'Sigismund', 'Andrassy', 'sandrassy1m@sohu.com', 'KlCfYr5L', '1961-06-28', 19),
('b737ab16-e47e-461d-85b4-766215c776cd', 'Rafaela', 'Imlach', 'rimlach1n@trellian.com', 'qVtq38uvKc', '1971-06-11', 29),
('7df26259-5ed6-4aec-a83d-654ab1adf4ad', 'Marylinda', 'Gault', 'mgault1o@clickbank.net', 'NW24MG', '1965-06-03', 19),
('09be4e52-09af-4bb2-9cf7-0a051c8e2837', 'Ramon', 'Wick', 'rwick1p@sitemeter.com', 'rXgLjGPyLh', '1965-01-14', 25),
('dddc0cc1-6af9-4919-b288-aca99e28fc2e', 'Dulcinea', 'Penticost', 'dpenticost1q@nifty.com', 'b58kyyEV', '1997-04-25', 17),
('75658e15-aa8f-4529-a100-bc457a4dc02b', 'Jillana', 'McGaugan', 'jmcgaugan1r@homestead.com', 'mk3hxJI', '1971-01-19', 18),
('3878aadb-9260-4fed-9ef5-d77257661cdf', 'Mathew', 'Semeradova', 'msemeradova1s@uol.com.br', 'XsJyxBlWj7jC', '1967-04-18', 27),
('a64d6833-3616-421d-8787-8afaaafc2210', 'Christiana', 'Ingray', 'cingray1t@google.com.au', '4ikpGb9', '1970-11-28', 22),
('16857c82-b76b-43b0-9996-96503a5f44cc', 'Sven', 'Nickoll', 'snickoll1u@umich.edu', 'xYoqjca78', '1964-03-29', 15),
('f604f59a-1131-4075-993e-4060ada44d12', 'Chiquita', 'Mackrill', 'cmackrill1v@multiply.com', '7SPRl1', '1970-03-15', 14),
('c52dce32-d308-45f7-bc80-d683513c398a', 'Clari', 'Pettecrew', 'cpettecrew1w@nasa.gov', 'g16X33Qf9SFI', '1959-06-26', 30),
('eb65dde5-04da-41eb-a83d-cc3f2b6f5573', 'Nickey', 'Claiton', 'nclaiton1x@bloglovin.com', 'TC6aIiTCOUi', '1992-09-30', 15),
('7beaef8b-d613-4e94-a313-eae6f631b30e', 'Daveta', 'Gladstone', 'dgladstone1y@msn.com', '8voI14GsIO', '1977-11-18', 21),
('ae0e5e96-9cc9-4ffe-8a6a-db65c42619ab', 'Jeffry', 'Auton', 'jauton1z@sphinn.com', 'nLk5aXb2DYtP', '1958-01-12', 30),
('8e80561f-d023-488d-b73b-b1b055dbab8f', 'Gerty', 'Bartels', 'gbartels20@deliciousdays.com', 'eq7Shw', '1995-11-22', 13),
('5f0f9d3e-8f39-43ad-a0f3-328695d084f4', 'Wadsworth', 'Gladden', 'wgladden21@opera.com', 'bjvn8QNOcy6O', '1998-11-25', 5),
('2c1f37b4-f488-48c8-8400-c310cc319e89', 'Agnella', 'Twiddy', 'atwiddy22@sfgate.com', 'nACE8lYzqDe7', '1959-09-03', 6),
('3fdd08cb-0862-4f12-a36a-5b428331265b', 'Rustin', 'Studders', 'rstudders23@scientificamerican.com', 'WOiCcfp6GZ3', '1963-01-12', 15),
('33aa9733-9eb0-469e-ab3d-e178ab1cc4d6', 'Francyne', 'Schoolcroft', 'fschoolcroft24@umich.edu', 'LvprdzuyLs', '1993-05-05', 30),
('18c495de-fd43-4ee5-aac5-e98b62376e1f', 'Moselle', 'Hedge', 'mhedge25@surveymonkey.com', 'zaxII0NgHw', '1997-01-28', 21),
('c77790b3-0473-45c3-b1bb-7a761a75e687', 'Janot', 'Parchment', 'jparchment26@surveymonkey.com', 'J95aYt', '2001-01-18', 12),
('c226d4be-3a22-4d1d-a423-7aac85a5f78b', 'Clair', 'Bernasek', 'cbernasek27@ft.com', '8uPVSYswUukN', '1996-04-23', 26),
('115da74e-f7ad-4477-b6b6-26d9806ac33c', 'Pepito', 'Lidstone', 'plidstone28@altervista.org', 'sqmUD7vGMrlf', '1970-08-23', 12),
('834548db-9046-4917-bfad-bb47046f2048', 'Merlina', 'Loweth', 'mloweth29@slideshare.net', 'OKAZPWnMVUIT', '1987-01-28', 11),
('ce34cb16-7142-47b6-a774-8e50b453e4f5', 'Melvin', 'Hatrick', 'mhatrick2a@imgur.com', 'HpTKsji9Z', '1992-01-10', 11),
('84b4ec8b-24c1-4aac-bb61-c25668e3f5e6', 'Anette', 'Truswell', 'atruswell2b@abc.net.au', 'fqG4XH3d4uf', '1958-02-13', 19),
('d49ae3e0-6097-4dac-83cc-a69a911b2b1f', 'Ardyth', 'Daventry', 'adaventry2c@nasa.gov', 'HKJTsCY7', '1959-01-05', 26),
('85eb3446-877f-4c2b-90db-ef2f1f81f392', 'Maxie', 'Aucoate', 'maucoate2d@ning.com', 'HkWttOhnN', '2002-03-08', 24),
('1d4764ef-7f8d-455b-9302-1a0312322294', 'Silvain', 'Childrens', 'schildrens2e@fastcompany.com', 'YusyRP', '2002-02-04', 3),
('f432c04c-6513-4a73-9dc4-2fc270f04688', 'Samaria', 'Dinse', 'sdinse2f@bbc.co.uk', 'yMOwQYmBvSJJ', '1984-04-13', 6),
('fde49211-4025-4a23-9342-b658d3ab9298', 'Thalia', 'Lefeaver', 'tlefeaver2g@state.gov', 'dxSoBca', '1972-07-02', 9),
('6ad8908b-bc3d-4f09-bf6e-20e8dff62083', 'Oneida', 'Dyett', 'odyett2h@state.gov', 'Jk4Npnk3dr', '1999-06-27', 13),
('b8c5961b-0550-46d3-a039-19b0205f5de3', 'Derk', 'Eilers', 'deilers2i@paypal.com', 'lQJ6tAWygY', '1989-10-30', 17),
('fecdce73-2d37-470f-b177-4405312cd4b9', 'Gwenore', 'Scrigmour', 'gscrigmour2j@stumbleupon.com', 'nLI7c3', '1973-10-17', 25),
('08eed984-84d7-4906-ae88-bf56b54a7787', 'Rosanna', 'Hotchkin', 'rhotchkin2k@about.com', 'CscVBWFGe1', '1986-12-05', 7),
('55d0e0e8-2de6-427e-a9d6-49f06538d579', 'Christophorus', 'Leband', 'cleband2l@bing.com', 'WvO2qi', '1958-11-08', 9),
('cf919136-db40-4797-bae9-f35b065e904e', 'Barbi', 'Rameau', 'brameau2m@parallels.com', 'uDGbAl', '1988-08-23', 17),
('90f7e4e0-de88-43e9-b7c6-1b71af6fd72b', 'Nichols', 'Lord', 'nlord2n@google.com', 'oGI8sfOqk', '1974-03-03', 23),
('0f2cfe15-1d12-41ec-9213-71985c8834a2', 'Kayley', 'Arr', 'karr2o@pagesperso-orange.fr', 'ZMqfKgT', '1992-10-27', 23),
('c070d410-acd6-44e2-8048-5a508fe3e73b', 'Nikoletta', 'Luna', 'nluna2p@fema.gov', 'IpoCvdMTUJW', '2000-07-21', 16),
('e245ac2a-019b-4572-b91e-8e445e531746', 'Jackson', 'Tassell', 'jtassell2q@about.me', 'snowlFtlrRu', '2006-05-09', 16),
('c43383c7-3bd4-454c-841e-73136418aca2', 'Dianemarie', 'Leneham', 'dleneham2r@globo.com', 'F8hC2K', '1991-01-21', 30),
('4c7fce0f-6ef3-41a6-8f40-cbb9afbf480e', 'Babbette', 'Necrews', 'bnecrews2s@archive.org', '122tX2B7', '1955-08-10', 18),
('6dfafee9-a684-41d9-918f-f125a8d7c30f', 'Aleksandr', 'Tonkes', 'atonkes2t@fastcompany.com', '4YJ8EDYik7I', '1963-05-05', 21),
('4a718d33-452a-4a15-8cca-7c7f58925722', 'Beulah', 'Findon', 'bfindon2u@cdc.gov', 'puY7UH6EXte', '1987-02-23', 5),
('1aada011-a5e4-49c5-840d-7313c989358a', 'Gardener', 'McGrirl', 'gmcgrirl2v@tamu.edu', 'ht8dwfIGnaO5', '1981-05-02', 1),
('4475cf35-1321-4406-b913-e9ade071b6b0', 'Bourke', 'Riddeough', 'briddeough2w@eepurl.com', 'nYOgCRiKjo', '2004-01-15', 30),
('648f4aba-7a74-4e8d-8ed1-cf8f68a387c9', 'Melisa', 'Deares', 'mdeares2x@photobucket.com', 'LgWqQMUy', '1985-04-01', 28),
('bae94ba4-e3ab-4c13-b617-2984b53e2239', 'Adelaida', 'Lepick', 'alepick2y@irs.gov', '2O28TR', '1960-05-16', 20),
('9832e7f6-8695-416d-9a6a-134534a7e5e4', 'Poul', 'Axcell', 'paxcell2z@hatena.ne.jp', 'BvIOpZcQi', '1977-08-19', 8),
('6b592e43-d260-4cb5-aaf2-2851f3f99a80', 'Layton', 'Challiner', 'lchalliner30@umich.edu', 'UwiQRgusphG', '1993-06-28', 13),
('148cc96c-c131-4c6f-bb31-a2c6f68dd90f', 'Corrie', 'Mufford', 'cmufford31@ameblo.jp', 'yeOwdjITz', '1966-03-19', 16),
('42d8f42d-fa35-438f-a217-5e986b9a6bb4', 'Horacio', 'Ballintime', 'hballintime32@weather.com', 'pCCSuewC7cn', '1988-02-13', 29),
('c9cd9817-c4f8-4e25-b0fc-e8be27cb91ab', 'Freddie', 'Kuller', 'fkuller33@etsy.com', 'TiQs7Y4dHTZ', '1984-09-19', 28),
('44da58f7-68da-4966-88dc-ddf95710e304', 'Orville', 'Ralph', 'oralph34@wp.com', 'ToE6nid', '2004-10-23', 16),
('1f0cac11-4bdf-4b2a-8364-cd1bd048a0fb', 'Coretta', 'Milvarnie', 'cmilvarnie35@tumblr.com', 'sZrqSZtA9stX', '1981-07-23', 7),
('5ff26e01-cda7-4d02-a414-18fc5641aa98', 'Cris', 'Espinho', 'cespinho36@deliciousdays.com', 'ueoDkRzVPQng', '1961-04-11', 25),
('6be6d97b-2311-435b-8640-5bcc99c56d9b', 'Babette', 'Ughi', 'bughi37@sourceforge.net', 'fbvI5PgD1lTk', '1994-01-09', 26),
('ca02e303-7438-41df-bc61-95eb45b00adc', 'Darryl', 'Vain', 'dvain38@miitbeian.gov.cn', 'oNQ29CPPQ9', '2002-10-02', 20),
('c3594a16-4211-4917-b266-db37f08cb7aa', 'Kelvin', 'Josephov', 'kjosephov39@mayoclinic.com', 'ohj5CRn', '1982-08-14', 2),
('65da9eab-e988-4510-91df-94eb2937f92f', 'Abigael', 'Burgoine', 'aburgoine3a@networksolutions.com', 'RDZjdzGF40K', '1956-09-27', 8),
('fc1ef86e-86be-48eb-96ed-c27bb7ea347d', 'Christophorus', 'Aldwich', 'caldwich3b@bigcartel.com', 'xID5bf', '1968-01-05', 17),
('817db997-d747-41cf-b0b7-d74df972c207', 'Peggy', 'Erdes', 'perdes3c@about.com', 'tQH7tN', '1962-01-24', 3),
('59109ef0-7352-4276-b76a-6fbc24b675c0', 'Lizette', 'Thorouggood', 'lthorouggood3d@nsw.gov.au', '1wjZQuAa9cHF', '1972-11-22', 27),
('e683051d-cff3-405d-83c1-987c07b76424', 'Rocky', 'Fouracres', 'rfouracres3e@unicef.org', 'cpuY0l1', '1960-02-28', 13),
('223bec2d-4e81-499f-b164-89dec9541365', 'Daryl', 'Isaak', 'disaak3f@blog.com', 'yvi6LFvq8', '1970-04-22', 22),
('ff35af78-bb4a-4a02-9adb-60c751aa999c', 'Josias', 'Tarbox', 'jtarbox3g@deliciousdays.com', 'cSF0o4io', '2006-04-01', 16),
('af617335-dbd2-450c-a90c-73ad19563c9e', 'Dominga', 'Headey', 'dheadey3h@princeton.edu', 'TgGJsU', '1961-05-15', 2),
('b651d966-a8ec-48a2-afe9-6ae08a19dbe7', 'Beniamino', 'King', 'bking3i@fastcompany.com', 'N4piVpxXk', '1977-04-04', 3),
('d7305357-35dd-44ce-b346-5a4ed2020a95', 'Domeniga', 'Bluck', 'dbluck3j@ameblo.jp', 'aGWZs6c', '1971-04-28', 17),
('131b3635-5f53-4515-99b9-41c3ca308253', 'Mordecai', 'Goodhall', 'mgoodhall3k@skype.com', 'SRJZJUCTo', '1968-07-05', 24),
('a5fba226-5098-4ef1-8bcd-52d04657ea2d', 'Hamnet', 'Annion', 'hannion3l@plala.or.jp', 'Zkpv4IwDrWQK', '1997-03-27', 21),
('1cb905c8-cfd2-406c-81ee-6dbc3d011594', 'Aleen', 'Lemmen', 'alemmen3m@flavors.me', 'W7pO8ZZepaGo', '1957-09-26', 25),
('314e8e7b-f06c-441b-b5f5-7d8be922086b', 'Stephan', 'Baroche', 'sbaroche3n@discuz.net', 'ywOS6lpqQ', '1969-06-17', 12),
('1940cf1c-9a61-4d3e-a3cf-0f17718eef41', 'Rhianon', 'Leicester', 'rleicester3o@zimbio.com', '1GzC3LaR', '2005-04-09', 24),
('cdca39da-59a0-4b4a-af28-04f9bdc0e268', 'Bernadette', 'Winterbottom', 'bwinterbottom3p@google.com.au', '34CnDDJNO', '2000-12-15', 17),
('7b4621f8-62b7-4555-aa82-9055219c6cc1', 'Arabela', 'Morales', 'amorales3q@canalblog.com', 'csPb9dTCKW5f', '1956-09-28', 10),
('0b7bd409-8010-44b8-ac0a-c9085bcb5892', 'Marla', 'Braker', 'mbraker3r@whitehouse.gov', 'UWs0Vc', '1960-05-08', 10),
('629acb17-8bc7-4eeb-a78e-e3f81b43a9de', 'Hewie', 'Huffey', 'hhuffey3s@bigcartel.com', 'GQnUKRudRN', '2003-05-31', 24),
('335036df-9ea2-43ac-84ee-2bd8f08fe1b1', 'Jacklin', 'Risely', 'jrisely3t@nyu.edu', '5Yv93J8', '1961-03-14', 21),
('9ca26588-77bd-4e72-acab-0044af1ac3ac', 'Bryn', 'Finnimore', 'bfinnimore3u@4shared.com', 'zt77kOIVdCs2', '1995-07-26', 23),
('1b152ed0-d464-4517-895f-20a50df30bb2', 'Noemi', 'O\'Ferris', 'noferris3v@utexas.edu', 'WU6cP9oh', '1998-06-07', 4),
('9ad3b137-9b2c-4186-a0b7-29dfaf89338b', 'Sybila', 'Kleinpeltz', 'skleinpeltz3w@psu.edu', 'ivY278nfq3a', '1974-04-13', 19),
('40c25e23-9a4b-4e4f-a696-387333c39455', 'Randie', 'Brockbank', 'rbrockbank3x@surveymonkey.com', 'JTzKIEBZt', '1983-05-18', 25),
('a47d4d43-3329-4846-a931-391f3dd03abf', 'Klement', 'McCahey', 'kmccahey3y@businesswire.com', 'BQc6MMD8Zm7U', '1959-06-02', 25),
('c4ad946d-5c72-489d-8472-c4c40cf100d1', 'Mureil', 'Astman', 'mastman3z@marriott.com', 'rqLlXdU', '1955-04-29', 18),
('a0f4b22e-d54e-49a6-9b77-ac53281ba59e', 'Gayla', 'Tracey', 'gtracey40@diigo.com', '9HCyYM', '1979-02-26', 10),
('8b664e73-5871-42f0-a416-d989bcb62cb4', 'Shaine', 'Gemson', 'sgemson41@tinyurl.com', 'mP5THt', '1961-02-19', 21),
('9220b9fc-2872-4e40-a3b3-fec4f62d4eac', 'Lucho', 'Beal', 'lbeal42@hibu.com', 'EnK0ddi', '1970-12-20', 1),
('a517a52d-fab9-46e3-9576-33c31750763c', 'Cassi', 'Corrin', 'ccorrin43@intel.com', 'jJYy6R', '1993-09-18', 27),
('7e9a7a92-61d6-4e47-b568-84418aa90975', 'Ernestus', 'De Laspee', 'edelaspee44@mit.edu', 'k8WROUom', '1982-11-09', 12),
('2130a83b-edbf-422d-a3fa-893c89e3ce34', 'Evaleen', 'McQuirter', 'emcquirter45@cocolog-nifty.com', 'qb9dKNF', '1969-06-16', 7),
('4b729614-622a-4a51-9b63-c41235090838', 'Rafi', 'Goodfellowe', 'rgoodfellowe46@bluehost.com', '15mDAYLTtPB7', '1977-08-24', 11),
('e0b9d23f-dadb-4ae2-b7f8-f3c74b737ebe', 'Maressa', 'Kellock', 'mkellock47@zdnet.com', '4vl9V75', '2000-01-28', 14),
('b6f31dad-44b3-43c7-9ce8-dafaab07927c', 'Cordey', 'Mates', 'cmates48@devhub.com', 'Kyk9OXgTM8', '1985-09-19', 15),
('36c31084-6273-4a7b-a6fa-554ce9505490', 'Felicle', 'Sussans', 'fsussans49@live.com', 'VzHEh8F2', '1957-02-14', 2),
('28b1be87-0dd6-4fdf-9154-f11dbc6d6c06', 'Roderich', 'Skirlin', 'rskirlin4a@blogs.com', '30fRE2c', '1993-09-20', 19),
('f29b41d6-c34b-4c95-bde9-ba6256b75a84', 'Amanda', 'Sugg', 'asugg4b@hc360.com', 'Q9Jf5l', '1984-07-26', 4),
('1526efd8-d158-4a7d-a807-6174c66bdb50', 'Audi', 'Bailiss', 'abailiss4c@answers.com', 'QS0bZNf', '1983-06-26', 3),
('debfc80e-d457-43c0-bfbe-f34fdf60b76a', 'Delcina', 'Windress', 'dwindress4d@yale.edu', 'mDVniN', '1975-06-05', 27),
('190be366-903c-464f-9fc6-52471bd7614b', 'Nicki', 'Kobera', 'nkobera4e@bigcartel.com', 'dV3TBmIG', '1982-04-14', 22),
('24e2f27d-e5b1-4fa1-8fa2-8ecf8460909f', 'Valerye', 'Kippax', 'vkippax4f@tumblr.com', 'wcUOT8', '1984-01-10', 13),
('48048ad6-2db9-4d53-b5a7-be8e020cbbe6', 'Avie', 'Heindrich', 'aheindrich4g@over-blog.com', 'bHmqyBr', '1985-10-11', 13),
('a11ec998-f440-4ecc-a424-78773fa3f3fe', 'Far', 'Bayman', 'fbayman4h@mozilla.org', 'xhxOxVIcMBW', '1966-10-30', 7),
('6f5f79d7-97eb-46ba-a93b-edf2cbf3f4fa', 'Giselbert', 'Minear', 'gminear4i@google.ca', 'ejXFwAscMk', '2003-03-30', 19),
('92d9ef82-4ca3-4053-8ae3-1389aea3052d', 'Colene', 'Rigolle', 'crigolle4j@guardian.co.uk', 'MS4aXTuZgeH', '1956-06-18', 6),
('f5a3f463-8321-482b-8585-bd90edac600e', 'Sheryl', 'Elwyn', 'selwyn4k@opera.com', '4dbNackqeRb3', '1995-05-24', 1),
('cf325f34-4115-4ba6-a8f1-21e32a94a71b', 'Lurline', 'Sailor', 'lsailor4l@diigo.com', 'I2spa0ZfOLBG', '1990-08-26', 11),
('cc4770da-3e63-4cc0-a462-1142683daa78', 'Matthus', 'Hagwood', 'mhagwood4m@psu.edu', 'Ben0T4dm', '1993-04-12', 21),
('17c75c2c-b9b0-44f7-bfae-8cde886a657f', 'Ali', 'Holde', 'aholde4n@utexas.edu', '93G7pWohG', '1997-12-15', 5),
('5f56302b-1e26-4772-b963-e96bfd914a60', 'Mohandis', 'Duckers', 'mduckers4o@jimdo.com', 'SnCpE81kNS', '1968-04-23', 25),
('b93d3fcd-b11d-4775-b283-514afc7252ae', 'Cthrine', 'Dawley', 'cdawley4p@qq.com', 'GxCailgI', '1985-05-08', 29),
('5330bbf1-1e44-4fc6-a108-b8c32a7fae09', 'Lorie', 'Polly', 'lpolly4q@ucsd.edu', 'gHMWBLd', '1961-06-21', 30),
('dce1b80a-6892-41b1-a90e-9deebf5c65f0', 'Tedra', 'Edgcombe', 'tedgcombe4r@fema.gov', 'vMdB93IVPXGL', '1984-11-27', 6),
('7fd97770-9b6f-4979-b234-cf23878cb5e9', 'Andrus', 'Inworth', 'ainworth4s@state.gov', 'ZmvIje', '1975-01-31', 10),
('d97aaf4b-09f6-4e43-8ba5-9243548304a8', 'Lora', 'Zold', 'lzold4t@devhub.com', 'EZIHJT', '1995-02-27', 14),
('6ad803cd-5152-4be1-aca3-27b06d14b74f', 'Ulla', 'Burnard', 'uburnard4u@bizjournals.com', '0HcmG6O25n3', '1973-09-19', 14),
('8481b1aa-2cfb-4217-bac8-53b89f3d1811', 'Arlene', 'Henzer', 'ahenzer4v@timesonline.co.uk', 'P7lvfMrGM', '1961-01-06', 30),
('8be8a68d-0e65-4faf-b2d1-95da17d528e7', 'Shelly', 'Fante', 'sfante4w@1und1.de', 'RXNBlJpW9', '1979-10-24', 2),
('6a5ca72a-851c-488a-a28a-ad1a78acdb43', 'Grethel', 'Beeston', 'gbeeston4x@ameblo.jp', '6K5ERA9', '2004-07-11', 7),
('5366177f-c459-4836-bac7-d19ea3b11349', 'Vikki', 'MacDermid', 'vmacdermid4y@ocn.ne.jp', '5NyzIS', '1981-10-14', 23),
('e7045cd3-01e1-43b3-9256-1e50722e6ef8', 'Nalani', 'Wiseman', 'nwiseman4z@jigsy.com', '2va4Kb47njUh', '2003-05-29', 6),
('a0f94d3b-fc08-4dcd-b871-18b892d00b0a', 'Nonnah', 'Searsby', 'nsearsby50@gmpg.org', 'dSZsbbWVg', '2006-01-01', 14),
('0537cc0a-ff79-4950-8b2b-28d8481df213', 'Annice', 'Touhig', 'atouhig51@bbb.org', 'N3V2tb1vFJ7a', '1958-10-17', 20),
('1882c22b-a8db-4123-947b-b6463dac01ec', 'Tabina', 'Hanbury', 'thanbury52@latimes.com', 'PRTmMJszB2', '2001-03-22', 2),
('87c83f3e-9112-4886-a9b3-adb8ca809b58', 'Richard', 'Adiscot', 'radiscot53@bloglovin.com', '9APdvQYSAYmn', '2006-07-04', 4),
('69c1aa4a-dce5-40e0-9765-9ae9487b9a1e', 'Elvera', 'Aizikov', 'eaizikov54@dropbox.com', 'FKZ4IJkmzu1', '1975-12-10', 25),
('5fee9b28-5ff7-407a-93d1-90888caf4230', 'Halette', 'Gaddas', 'hgaddas55@cafepress.com', 'EHLpJTBZ', '1993-11-15', 19),
('0b8dfa7f-e953-441c-ba64-15dc29633b4d', 'Carlo', 'Brunelli', 'cbrunelli56@latimes.com', 'JlTn0o', '1955-09-23', 1),
('8df37737-02b6-4017-aef3-6d12952680e8', 'Deeyn', 'Skamell', 'dskamell57@marriott.com', '0hXU4J', '1996-04-26', 8),
('159230df-39a9-4c3f-a4c5-4d849e4c03fa', 'Cari', 'Ifill', 'cifill58@ocn.ne.jp', 'FlHV5VJu80j', '1976-02-07', 28),
('86dc46ca-9c49-4676-8f2e-087b07b0cb66', 'Vickie', 'Booker', 'vbooker59@infoseek.co.jp', 'G8A95H', '1983-03-13', 20),
('5ed9bd0c-6dcc-481b-a018-4994e2c0c9b6', 'Karlen', 'McCourt', 'kmccourt5a@unesco.org', '1mKkAZz', '1980-06-14', 30),
('2a87e9c3-d963-469d-8c92-86d9c499de0c', 'Kiley', 'Tisun', 'ktisun5b@reverbnation.com', 'EtOTpzQVdf6', '1999-03-06', 30),
('657ff8f8-fa83-49ed-9d3e-0b23f424af28', 'Sydel', 'Gornal', 'sgornal5c@whitehouse.gov', 'ZHT9zZza0', '1999-05-18', 19),
('15b2e142-0010-413d-a592-c2d2942f22b3', 'Bibi', 'Calabry', 'bcalabry5d@ucla.edu', 'LaD9Nh', '1986-11-02', 11),
('081870a0-7208-4bdf-b256-ed9f54bb7bf3', 'Marj', 'Edden', 'medden5e@google.it', 'N70JUT6ykjh', '1988-06-22', 29),
('0cf61071-fbfc-4f84-8333-0cb252e130c2', 'Kittie', 'Proudlove', 'kproudlove5f@mayoclinic.com', 'bquaxi', '1973-03-13', 15),
('8995ebd8-4d32-41c8-9f68-6d4a8b8cac1e', 'Sheelagh', 'Simone', 'ssimone5g@forbes.com', '763fGOt', '1989-07-12', 22),
('0f4e1dbe-d184-4b7f-b288-67ba50bf7341', 'Bard', 'Brooke', 'bbrooke5h@irs.gov', '3ZUYNMDRbA', '2000-10-14', 13),
('804dbadd-1426-499f-ad9a-364a9e58bf2d', 'Rudyard', 'Kinnear', 'rkinnear5i@rambler.ru', '1cBrKjG', '1965-07-05', 21),
('ec357479-85bb-4f24-b26f-fc78ebaa5046', 'Terrence', 'Wharton', 'twharton5j@accuweather.com', 'P5uYnHDkqs', '1974-12-13', 13);

-- --------------------------------------------------------

--
-- Structure de la table `film`
--

DROP TABLE IF EXISTS `film`;
CREATE TABLE IF NOT EXISTS `film` (
  `id_film` int(11) NOT NULL AUTO_INCREMENT,
  `Description` text,
  `id_genre` int(11) DEFAULT NULL,
  `Titre` varchar(100) NOT NULL,
  `id_seance1` int(11) DEFAULT NULL,
  `id_seance2` int(11) DEFAULT NULL,
  `id_seance3` int(11) DEFAULT NULL,
  `id_seance4` int(11) DEFAULT NULL,
  `id_seance5` int(11) DEFAULT NULL,
  `id_seance6` int(11) DEFAULT NULL,
  `id_seance7` int(11) DEFAULT NULL,
  PRIMARY KEY (`id_film`),
  KEY `film___fk` (`id_genre`),
  KEY `film___fk_5` (`id_seance1`),
  KEY `film___fk_6` (`id_seance2`),
  KEY `film___fk_7` (`id_seance3`),
  KEY `film___fk_8` (`id_seance4`),
  KEY `film___fk_9` (`id_seance5`),
  KEY `film___fk_10` (`id_seance6`),
  KEY `film___fk_11` (`id_seance7`)
) ENGINE=InnoDB AUTO_INCREMENT=13 DEFAULT CHARSET=utf8;

--
-- Déchargement des données de la table `film`
--

INSERT INTO `film` (`id_film`, `Description`, `id_genre`, `Titre`, `id_seance1`, `id_seance2`, `id_seance3`, `id_seance4`, `id_seance5`, `id_seance6`, `id_seance7`) VALUES
(1, 'Des super-héros vont devoir unir à nouveau leurs forces pour combattre Ultron, un être technologique qui veut éradiquer l’espèce humaine.', 1, 'King of Texas, The', 1, 2, 3, NULL, 5, 6, 7),
(2, 'Le destin de Chris Kyle, tireur d’élite d’exception qui officia à la Navy de 1999 à 2009. On compte plus de 150 personnes tombées sous ses balles...', 1, 'Far From Home: The Adventures of Yellow Dog', 1, 2, 3, NULL, 5, 6, 7),
(3, 'Un père de famille, dont la fille a été enlevée huit ans auparavant, découvre des éléments qui pourraient laisser croire qu\'elle est encore vivante.', 3, 'Gigot', 1, 2, 3, NULL, 5, 6, 7),
(4, '1919, peu de temps après la bataille de Gallipoli. Un homme part pour la Turquie, à la recherche de ses trois fils disparus.', 6, 'Take Me Home Tonight', 1, 2, 3, 4, 5, 6, 7),
(5, 'Un millionnaire est accusé d\'un crime dont il est innocent. Il demande au type qui lave sa voiture des conseils pour survivre en prison.', 1, 'Land of the Dead', 1, 2, 3, 4, 5, 6, 7),
(6, 'Deux piètres astronomes s\'embarquent dans une gigantesque tournée médiatique pour prévenir l\'humanité qu\'une comète se dirige vers la Terre et s\'apprête à la détruire.', 2, 'PAY 2 PLAY: Democracy\'s High Stakes', 1, 2, 3, NULL, 5, 6, 7),
(7, 'Encanto raconte l\'histoire d\'une famille extraordinaire : les Madrigal, qui vivent dans les montagnes de Colombie, dans une maison magique, dans un endroit merveilleux et charmant appelé Encanto. La magie de l\'Encanto a béni chaque enfant de la famille avec un cadeau unique allant de la super force au pouvoir de guérir - chaque enfant sauf un, Mariana. Mais quand elle découvre que la magie entourant l\'Encanto est en danger, Mariana décide qu\'elle, la seule Madrigal ordinaire, pourrait bien être le dernier espoir de sa famille exceptionnelle', 5, 'Audrey Rose', 1, 2, 3, NULL, 5, 6, 7),
(8, 'María et Ingvar vivent reclus avec leur troupeau de moutons dans une ferme en Islande. Lorsqu’ils découvrent un mystérieux nouveau-né, ils décident de le garder et de l\'élever comme leur enfant. Cette nouvelle perspective apporte beaucoup de bonheur au couple, mais la nature leur réserve une dernière surprise… ', 5, 'Joffrey: Mavericks of American Dance', 1, 2, NULL, 4, 5, 6, 7),
(9, 'Naples des années 1980. Fabietto Schisa, adolescent mal dans sa peau, vit avec sa famille excentrique et haute en couleurs. Mais son quotidien est soudain bouleversé lorsque Diego Maradona, légende planétaire du football, débarque à Naples et le sauve miraculeusement d’un terrible accident. Cette rencontre inattendue avec la star du ballon rond sera déterminante pour l’avenir du jeune homme.\nUne fable sur la fatalité et la famille, le sport et le cinéma, l\'amour et la perte.', 1, 'One and Only, The', 1, 2, NULL, 4, 5, 6, 7),
(10, 'Deux femmes, Janis et Ana, se rencontrent dans une chambre d\'hôpital sur le point d’accoucher. Elles sont toutes les deux célibataires et sont tombées enceintes par accident. Janis, d\'âge mûr, n\'a aucun regret et durant les heures qui précèdent l\'accouchement, elle est folle de joie. Ana en revanche, est une adolescente effrayée, pleine de remords et traumatisée. Janis essaie de lui remonter le moral alors qu\'elles marchent tel des somnambules dans le couloir de l\'hôpital. Les quelques mots qu\'elles échangent pendant ces heures vont créer un lien très étroit entre elles, que le hasard se chargera de compliquer d\'une manière qui changera leur vie à toutes les deux.', 2, 'Conquest 1453 (Fetih 1453)', 1, 2, 3, 4, 5, 6, 7),
(11, 'Londres - 1987.\nPhilip est un écrivain américain célèbre exilé à Londres. Sa maîtresse vient régulièrement le retrouver dans son bureau, qui est le refuge des deux amants. Ils y font l’amour, se disputent, se retrouvent et parlent des heures durant ; des femmes qui jalonnent sa vie, de sexe, d’antisémitisme, de littérature, et de fidélité à soi-même…', 4, 'Bullet to the Head', 1, 2, NULL, 4, 5, 6, 7),
(12, 'Judith mène une double vie entre la Suisse et la France. D’un côté Abdel, avec qui elle élève une petite fille, de l’autre Melvil, avec qui elle a deux garçons plus âgés. Peu à peu, cet équilibre fragile fait de mensonges, de secrets et d’allers-retours se fissure dangereusement. Prise au piège, Judith choisit la fuite en avant, l’escalade vertigineuse. ', 5, 'Louis Theroux: Twilight of the Porn Stars', 1, 2, 3, 4, 5, 6, 7);

-- --------------------------------------------------------

--
-- Structure de la table `genre`
--

DROP TABLE IF EXISTS `genre`;
CREATE TABLE IF NOT EXISTS `genre` (
  `id_genre` int(11) NOT NULL AUTO_INCREMENT,
  `GenreNom` varchar(30) NOT NULL,
  PRIMARY KEY (`id_genre`)
) ENGINE=InnoDB AUTO_INCREMENT=7 DEFAULT CHARSET=utf8;

--
-- Déchargement des données de la table `genre`
--

INSERT INTO `genre` (`id_genre`, `GenreNom`) VALUES
(1, 'Documentary'),
(2, 'Drama|War'),
(3, 'Adventure|Drama|Thriller'),
(4, 'Drama'),
(5, 'Comedy|Drama'),
(6, 'Drama');

-- --------------------------------------------------------

--
-- Structure de la table `paiement`
--

DROP TABLE IF EXISTS `paiement`;
CREATE TABLE IF NOT EXISTS `paiement` (
  `id_paiement` int(11) NOT NULL AUTO_INCREMENT,
  `ModePaiement` varchar(30) NOT NULL,
  PRIMARY KEY (`id_paiement`)
) ENGINE=InnoDB AUTO_INCREMENT=4 DEFAULT CHARSET=utf8;

--
-- Déchargement des données de la table `paiement`
--

INSERT INTO `paiement` (`id_paiement`, `ModePaiement`) VALUES
(1, 'CB'),
(2, 'espèce'),
(3, 'carte abonnement');

-- --------------------------------------------------------

--
-- Structure de la table `reservation`
--

DROP TABLE IF EXISTS `reservation`;
CREATE TABLE IF NOT EXISTS `reservation` (
  `id_reservation` int(11) NOT NULL AUTO_INCREMENT,
  `nombrePlace` int(11) DEFAULT NULL,
  `date` date NOT NULL,
  `id_salle` int(11) DEFAULT NULL,
  `id_seance` int(11) DEFAULT NULL,
  `id_client` int(11) DEFAULT NULL,
  PRIMARY KEY (`id_reservation`),
  KEY `reservation___fk` (`id_salle`),
  KEY `reservation___fk_2` (`id_seance`),
  KEY `reservation___fk_3` (`id_client`)
) ENGINE=InnoDB AUTO_INCREMENT=14 DEFAULT CHARSET=utf8;

--
-- Déchargement des données de la table `reservation`
--

INSERT INTO `reservation` (`id_reservation`, `nombrePlace`, `date`, `id_salle`, `id_seance`, `id_client`) VALUES
(1, 8, '2022-03-15', 12, 6, 152),
(2, 2, '2022-02-06', 5, 6, 5),
(3, 4, '2022-02-02', 5, 4, 25),
(4, 5, '2022-02-03', 10, 6, 75),
(5, 2, '2022-01-07', 54, 2, 65),
(6, 6, '2022-02-02', 47, 7, 54),
(7, 4, '2022-02-03', 8, 5, 5),
(8, 3, '2022-01-14', 85, 3, 112),
(9, 2, '2022-01-02', 85, 6, 78),
(10, 6, '2022-01-13', 85, 6, 3),
(11, 10, '2022-01-06', 36, 3, 8),
(12, 8, '2022-08-19', 67, 6, 123),
(13, 5, '2022-12-07', 96, 6, 45);

-- --------------------------------------------------------

--
-- Structure de la table `roles`
--

DROP TABLE IF EXISTS `roles`;
CREATE TABLE IF NOT EXISTS `roles` (
  `id_role` int(11) NOT NULL AUTO_INCREMENT,
  `NomRole` varchar(30) NOT NULL,
  PRIMARY KEY (`id_role`)
) ENGINE=InnoDB AUTO_INCREMENT=3 DEFAULT CHARSET=utf8;

--
-- Déchargement des données de la table `roles`
--

INSERT INTO `roles` (`id_role`, `NomRole`) VALUES
(1, 'Admin'),
(2, 'Utilisateur');

-- --------------------------------------------------------

--
-- Structure de la table `roles_users`
--

DROP TABLE IF EXISTS `roles_users`;
CREATE TABLE IF NOT EXISTS `roles_users` (
  `user_id` int(11) NOT NULL,
  `roles_id` int(11) NOT NULL,
  PRIMARY KEY (`roles_id`,`user_id`),
  KEY `user_id` (`user_id`)
) ENGINE=MyISAM DEFAULT CHARSET=utf8;

--
-- Déchargement des données de la table `roles_users`
--

INSERT INTO `roles_users` (`user_id`, `roles_id`) VALUES
(1, 1),
(28, 1),
(29, 1),
(30, 1),
(2, 2),
(3, 2),
(4, 2),
(5, 2),
(6, 2),
(7, 2),
(8, 2),
(9, 2),
(10, 2),
(11, 2),
(12, 2),
(13, 2),
(14, 2),
(15, 2),
(16, 2),
(17, 2),
(18, 2),
(19, 2),
(20, 2),
(21, 2),
(22, 2),
(23, 2),
(24, 2),
(25, 2),
(26, 2),
(27, 2);

-- --------------------------------------------------------

--
-- Structure de la table `salle`
--

DROP TABLE IF EXISTS `salle`;
CREATE TABLE IF NOT EXISTS `salle` (
  `id_salle` int(11) NOT NULL AUTO_INCREMENT,
  `NomSalle` varchar(30) NOT NULL,
  `Capacite` int(11) NOT NULL,
  `id_film` int(11) DEFAULT NULL,
  `id-centremultiplex` int(11) DEFAULT NULL,
  `id_seance1` int(11) DEFAULT NULL,
  `id_seance2` int(11) DEFAULT NULL,
  `id_seance3` int(11) DEFAULT NULL,
  `id_seance4` int(11) DEFAULT NULL,
  `id_seance5` int(11) DEFAULT NULL,
  `id_seance6` int(11) DEFAULT NULL,
  `id_seance7` int(11) DEFAULT NULL,
  PRIMARY KEY (`id_salle`),
  KEY `salle___fk_2` (`id_film`),
  KEY `salle___fk_3` (`id-centremultiplex`),
  KEY `salle___fk` (`id_seance1`),
  KEY `salle___fk_4` (`id_seance2`),
  KEY `salle___fk_5` (`id_seance3`),
  KEY `salle___fk_6` (`id_seance4`),
  KEY `salle___fk_7` (`id_seance5`),
  KEY `salle___fk_8` (`id_seance6`),
  KEY `salle___fk_9` (`id_seance7`)
) ENGINE=InnoDB AUTO_INCREMENT=151 DEFAULT CHARSET=utf8;

--
-- Déchargement des données de la table `salle`
--

INSERT INTO `salle` (`id_salle`, `NomSalle`, `Capacite`, `id_film`, `id-centremultiplex`, `id_seance1`, `id_seance2`, `id_seance3`, `id_seance4`, `id_seance5`, `id_seance6`, `id_seance7`) VALUES
(1, 'Farica', 134, 1, 1, 1, 2, 3, 4, 5, 6, 7),
(2, 'Freida', 126, 1, 2, 1, 2, 3, 4, 5, 6, 7),
(3, 'Roby', 267, 2, 1, 1, 2, 3, 4, 5, 6, 7),
(4, 'Saxon', 238, 1, 1, 1, 2, 3, 4, 5, 6, 7),
(5, 'Michel', 273, 4, 1, 1, 2, 3, 4, 5, 6, 7),
(6, 'Rosy', 264, 5, 1, 1, 2, 3, 4, 5, 6, 7),
(7, 'Amara', 288, 6, 1, 1, 2, 3, 4, 5, 6, 7),
(8, 'Ermentrude', 162, 2, 2, 1, 2, 3, 4, 5, 6, 7),
(9, 'Lew', 164, 3, 2, 1, 2, 3, 4, 5, 6, 7),
(10, 'Briggs', 149, 4, 2, 1, 2, 3, 4, 5, 6, 7),
(11, 'Isaiah', 114, 5, 2, 1, 2, 3, 4, 5, 6, 7),
(12, 'Lawton', 140, 1, 3, 1, 2, 3, 4, 5, 6, 7),
(13, 'Marco', 190, 2, 3, 1, 2, 3, 4, 5, 6, 7),
(14, 'Lori', 216, 3, 3, 1, 2, 3, 4, 5, 6, 7),
(15, 'Edouard', 237, 4, 3, 1, 2, 3, 4, 5, 6, 7),
(16, 'Emmalynne', 201, 1, 4, 1, 2, 3, 4, 5, 6, 7),
(17, 'Sheba', 176, 2, 4, 1, 2, 3, 4, 5, 6, 7),
(18, 'Fair', 238, 3, 4, 1, 2, 3, 4, 5, 6, 7),
(19, 'Lonnie', 264, 5, 4, 1, 2, 3, 4, 5, 6, 7),
(20, 'Taffy', 110, 5, 4, 1, 2, 3, 4, 5, 6, 7),
(21, 'Layton', 160, 1, 6, 1, 2, 3, 4, 5, 6, 7),
(22, 'Jerrine', 127, 2, 6, 1, 2, 3, 4, 5, 6, 7),
(23, 'Vivyan', 235, 3, 6, 1, 2, 3, 4, 5, 6, 7),
(24, 'Shermy', 231, 4, 6, 1, 2, 3, 4, 5, 6, 7),
(25, 'Ashlie', 299, 5, 6, 1, 2, 3, 4, 5, 6, 7),
(26, 'Arvie', 151, 1, 7, 1, 2, 3, 4, 5, 6, 7),
(27, 'Humfried', 100, 2, 7, 1, 2, 3, 4, 5, 6, 7),
(28, 'Anni', 153, 3, 7, 1, 2, 3, 4, 5, 6, 7),
(29, 'Marne', 247, 1, 7, 1, 2, 3, 4, 5, 6, 7),
(30, 'Karylin', 151, 5, 7, 1, 2, 3, 4, 5, 6, 7),
(31, 'Rowe', 179, 6, 7, 1, 2, 3, 4, 5, 6, 7),
(32, 'Rennie', 222, 1, 8, 1, 2, 3, 4, 5, 6, 7),
(33, 'Eilis', 197, 1, 8, 1, 2, 3, 4, 5, 6, 7),
(34, 'Bobbie', 262, 1, 8, 1, 2, 3, 4, 5, 6, 7),
(35, 'Tymothy', 296, 4, 8, 1, 2, 3, 4, 5, 6, 7),
(36, 'Kory', 146, 5, 8, 1, 2, 3, 4, 5, 6, 7),
(37, 'Marlow', 178, 6, 8, 1, 2, 3, 4, 5, 6, 7),
(38, 'Weylin', 207, 1, 9, 1, 2, 3, 4, 5, 6, 7),
(39, 'Albrecht', 227, 2, 9, 1, 2, 3, 4, 5, 6, 7),
(40, 'Kimberly', 241, 3, 9, 1, 2, 3, 4, 5, 6, 7),
(41, 'Desiree', 148, 4, 9, 1, 2, 3, 4, 5, 6, 7),
(42, 'Michal', 101, 5, 9, 1, 2, 3, 4, 5, 6, 7),
(43, 'Britta', 234, 6, 9, 1, 2, 3, 4, 5, 6, 7),
(44, 'Jeramie', 277, 7, 9, 1, 2, 3, 4, 5, 6, 7),
(45, 'Cristi', 187, 8, 9, 1, 2, 3, 4, 5, 6, 7),
(46, 'Chloris', 105, 9, 9, 1, 2, 3, 4, 5, 6, 7),
(47, 'Haven', 271, 1, 10, 1, 2, 3, 4, 5, 6, 7),
(48, 'Urbanus', 197, 1, 10, 1, 2, 3, 4, 5, 6, 7),
(49, 'Ailyn', 217, 3, 10, 1, 2, 3, 4, 5, 6, 7),
(50, 'Tedie', 120, 4, 10, 1, 2, 3, 4, 5, 6, 7),
(51, 'Klarrisa', 203, 5, 10, 1, 2, 3, 4, 5, 6, 7),
(52, 'Mason', 229, 6, 10, 1, 2, 3, 4, 5, 6, 7),
(53, 'Dirk', 207, 1, 12, 1, 2, 3, 4, 5, 6, 7),
(54, 'Juana', 243, 2, 12, 1, 2, 3, 4, 5, 6, 7),
(55, 'Maddie', 177, 3, 12, 1, 2, 3, 4, 5, 6, 7),
(56, 'Anissa', 153, 4, 12, 1, 2, 3, 4, 5, 6, 7),
(57, 'Mickie', 272, 1, 17, 1, 2, 3, 4, 5, 6, 7),
(58, 'Kippie', 115, 2, 17, 1, 2, 3, 4, 5, 6, 7),
(59, 'Wainwright', 298, 3, 17, 1, 2, 3, 4, 5, 6, 7),
(60, 'Rosaline', 146, 4, 17, 1, 2, 3, 4, 5, 6, 7),
(61, 'Garrott', 158, 5, 17, 1, 2, 3, 4, 5, 6, 7),
(62, 'Hector', 187, 1, 18, 1, 2, 3, 4, 5, 6, 7),
(63, 'Miltie', 296, 2, 18, 1, 2, 3, 4, 5, 6, 7),
(64, 'Bay', 227, 3, 18, 1, 2, 3, 4, 5, 6, 7),
(65, 'Bailey', 292, 4, 18, 1, 2, 3, 4, 5, 6, 7),
(66, 'Thane', 240, 5, 18, 1, 2, 3, 4, 5, 6, 7),
(67, 'Carter', 119, 1, 18, 1, 2, 3, 4, 5, 6, 7),
(68, 'Vinita', 267, 1, 20, 1, 2, 3, 4, 5, 6, 7),
(69, 'Wesley', 109, 2, 20, 1, 2, 3, 4, 5, 6, 7),
(70, 'Adrien', 240, 3, 20, 1, 2, 3, 4, 5, 6, 7),
(71, 'Joan', 251, 1, 21, 1, 2, 3, 4, 5, 6, 7),
(72, 'Kristine', 141, 2, 21, 1, 2, 3, 4, 5, 6, 7),
(73, 'Ermengarde', 187, 3, 21, 1, 2, 3, 4, 5, 6, 7),
(74, 'Rad', 214, 4, 21, 1, 2, 3, 4, 5, 6, 7),
(75, 'Jarrid', 143, 5, 21, 1, 2, 3, 4, 5, 6, 7),
(76, 'Dermot', 291, 6, 21, 1, 2, 3, 4, 5, 6, 7),
(77, 'Mignonne', 174, 1, 22, 1, 2, 3, 4, 5, 6, 7),
(78, 'Cherise', 184, 2, 22, 1, 2, 3, 4, 5, 6, 7),
(79, 'Ilise', 202, 3, 22, 1, 2, 3, 4, 5, 6, 7),
(80, 'Caroline', 118, 4, 22, 1, 2, 3, 4, 5, 6, 7),
(81, 'Calhoun', 230, 5, 22, 1, 2, 3, 4, 5, 6, 7),
(82, 'Augusta', 129, 1, 23, 1, 2, 3, 4, 5, 6, 7),
(83, 'Fredericka', 285, 2, 23, 1, 2, 3, 4, 5, 6, 7),
(84, 'Trixi', 299, 3, 23, 1, 2, 3, 4, 5, 6, 7),
(85, 'Martita', 100, 4, 23, 1, 2, 3, 4, 5, 6, 7),
(86, 'Carmina', 152, 5, 23, 1, 2, 3, 4, 5, 6, 7),
(87, 'Lenka', 159, 6, 23, 1, 2, 3, 4, 5, 6, 7),
(88, 'Clint', 211, 1, 24, 1, 2, 3, 4, 5, 6, 7),
(89, 'Zondra', 156, 2, 24, 1, 2, 3, 4, 5, 6, 7),
(90, 'Carmelia', 153, 3, 24, 1, 2, 3, 4, 5, 6, 7),
(91, 'Pattie', 263, 4, 24, 1, 2, 3, 4, 5, 6, 7),
(92, 'Hayley', 152, 5, 24, 1, 2, 3, 4, 5, 6, 7),
(93, 'Eddy', 289, 6, 24, 1, 2, 3, 4, 5, 6, 7),
(94, 'Daryl', 190, 7, 24, 1, 2, 3, 4, 5, 6, 7),
(95, 'Paige', 297, 8, 24, 1, 2, 3, 4, 5, 6, 7),
(96, 'Persis', 212, 1, 25, 1, 2, 3, 4, 5, 6, 7),
(97, 'Pauline', 123, 2, 25, 1, 2, 3, 4, 5, 6, 7),
(98, 'Rafferty', 140, 3, 25, 1, 2, 3, 4, 5, 6, 7),
(99, 'Ramonda', 238, 4, 25, 1, 2, 3, 4, 5, 6, 7),
(100, 'Arly', 133, 5, 25, 1, 2, 3, 4, 5, 6, 7),
(101, 'Ludovika', 224, 6, 25, 1, 2, 3, 4, 5, 6, 7),
(102, 'Tibold', 225, 1, 26, 1, 2, 3, 4, 5, 6, 7),
(103, 'Norah', 198, 2, 26, 1, 2, 3, 4, 5, 6, 7),
(104, 'Trevar', 277, 3, 26, 1, 2, 3, 4, 5, 6, 7),
(105, 'Pansy', 118, 4, 26, 1, 2, 3, 4, 5, 6, 7),
(106, 'Pepito', 181, 5, 26, 1, 2, 3, 4, 5, 6, 7),
(107, 'Andras', 295, 6, 26, 1, 2, 3, 4, 5, 6, 7),
(108, 'Lizzie', 216, 7, 26, 1, 2, 3, 4, 5, 6, 7),
(109, 'Jimmie', 102, 8, 26, 1, 2, 3, 4, 5, 6, 7),
(110, 'Emmit', 298, 9, 26, 1, 2, 3, 4, 5, 6, 7),
(111, 'Feodora', 277, 10, 26, 1, 2, 3, 4, 5, 6, 7),
(112, 'Marsh', 170, 1, 27, 1, 2, 3, 4, 5, 6, 7),
(113, 'Philippe', 198, 2, 27, 1, 2, 3, 4, 5, 6, 7),
(114, 'Melicent', 160, 3, 27, 1, 2, 3, 4, 5, 6, 7),
(115, 'Clark', 185, 4, 27, 1, 2, 3, 4, 5, 6, 7),
(116, 'Brok', 111, 5, 27, 1, 2, 3, 4, 5, 6, 7),
(117, 'Stanislaw', 205, 1, 28, 1, 2, 3, 4, 5, 6, 7),
(118, 'Rozelle', 180, 2, 28, 1, 2, 3, 4, 5, 6, 7),
(119, 'Cornell', 253, 3, 28, 1, 2, 3, 4, 5, 6, 7),
(120, 'Laurena', 196, 1, 29, 1, 2, 3, 4, 5, 6, 7),
(121, 'Deeann', 275, 2, 29, 1, 2, 3, 4, 5, 6, 7),
(122, 'Marietta', 252, 3, 29, 1, 2, 3, 4, 5, 6, 7),
(123, 'Stephannie', 201, 4, 29, 1, 2, 3, 4, 5, 6, 7),
(124, 'Melina', 197, 5, 29, 1, 2, 3, 4, 5, 6, 7),
(125, 'Clemens', 168, 6, 29, 1, 2, 3, 4, 5, 6, 7),
(126, 'Jonathon', 266, 1, 30, 1, 2, 3, 4, 5, 6, 7),
(127, 'Catherin', 220, 2, 30, 1, 2, 3, 4, 5, 6, 7),
(128, 'Mame', 159, 3, 30, 1, 2, 3, 4, 5, 6, 7),
(129, 'Vonni', 140, 4, 30, 1, 2, 3, 4, 5, 6, 7),
(130, 'Dee', 186, 5, 30, 1, 2, 3, 4, 5, 6, 7),
(131, 'Arleen', 265, 6, 30, 1, 2, 3, 4, 5, 6, 7),
(132, 'Krissie', 107, 7, 30, 1, 2, 3, 4, 5, 6, 7),
(133, 'Kenny', 252, 8, 30, 1, 2, 3, 4, 5, 6, 7),
(134, 'Etta', 274, 9, 30, 1, 2, 3, 4, 5, 6, 7),
(135, 'Calley', 137, 10, 30, 1, 2, 3, 4, 5, 6, 7),
(136, 'Daphene', 147, 11, 30, 1, 2, 3, 4, 5, 6, 7),
(137, 'Ronnie', 271, 1, 31, 1, 2, 3, 4, 5, 6, 7),
(138, 'Erin', 134, 2, 31, 1, 2, 3, 4, 5, 6, 7),
(139, 'Langsdon', 197, 3, 31, 1, 2, 3, 4, 5, 6, 7),
(140, 'Rory', 292, 4, 31, 1, 2, 3, 4, 5, 6, 7),
(141, 'Marlee', 215, 5, 31, 1, 2, 3, 4, 5, 6, 7),
(142, 'Ingemar', 259, 1, 31, 1, 2, 3, 4, 5, 6, 7),
(143, 'Lotta', 273, 7, 31, 1, 2, 3, 4, 5, 6, 7),
(144, 'Oralle', 267, 8, 31, 1, 2, 3, 4, 5, 6, 7),
(145, 'Tandi', 263, 9, 31, 1, 2, 3, 4, 5, 6, 7),
(146, 'Kirstyn', 146, 10, 31, 1, 2, 3, 4, 5, 6, 7),
(147, 'Art', 136, 11, 31, 1, 2, 3, 4, 5, 6, 7),
(148, 'Saudra', 241, 1, 32, 1, 2, 3, 4, 5, 6, 7),
(149, 'Carri', 238, 2, 32, 1, 2, 3, 4, 5, 6, 7),
(150, 'Juan', 235, 3, 32, 1, 2, 3, 4, 5, 6, 7);

-- --------------------------------------------------------

--
-- Structure de la table `seance`
--

DROP TABLE IF EXISTS `seance`;
CREATE TABLE IF NOT EXISTS `seance` (
  `id_seance` int(11) NOT NULL AUTO_INCREMENT,
  `Horaire` time NOT NULL,
  PRIMARY KEY (`id_seance`)
) ENGINE=InnoDB AUTO_INCREMENT=8 DEFAULT CHARSET=utf8;

--
-- Déchargement des données de la table `seance`
--

INSERT INTO `seance` (`id_seance`, `Horaire`) VALUES
(1, '10:00:00'),
(2, '12:00:00'),
(3, '14:00:00'),
(4, '16:00:00'),
(5, '18:00:00'),
(6, '20:00:00'),
(7, '22:00:00');

-- --------------------------------------------------------

--
-- Structure de la table `tarif`
--

DROP TABLE IF EXISTS `tarif`;
CREATE TABLE IF NOT EXISTS `tarif` (
  `id_tarif` int(11) NOT NULL AUTO_INCREMENT,
  `TarifNom` varchar(30) NOT NULL,
  `Description` text,
  `Prix` float NOT NULL,
  PRIMARY KEY (`id_tarif`)
) ENGINE=InnoDB AUTO_INCREMENT=5 DEFAULT CHARSET=utf8;

--
-- Déchargement des données de la table `tarif`
--

INSERT INTO `tarif` (`id_tarif`, `TarifNom`, `Description`, `Prix`) VALUES
(1, 'plein Tarif', 'tarif normal sans réduction', 9.2),
(2, 'Étudiant', 'sur présentation de la carte d\'étudiant', 7.6),
(3, 'Moins de 14 ans', 'présentation du livret de famille ou d\'une carte d\'identité', 5.9),
(4, 'carte d\'abonnement', '10 séances de cinéma', 75);

-- --------------------------------------------------------

--
-- Structure de la table `users`
--

DROP TABLE IF EXISTS `users`;
CREATE TABLE IF NOT EXISTS `users` (
  `id_user` int(11) NOT NULL AUTO_INCREMENT,
  `Nom` varchar(30) NOT NULL,
  `Prenom` varchar(30) NOT NULL,
  `Mail` varchar(250) NOT NULL,
  `MotDePasse` varchar(60) DEFAULT NULL,
  `id-role` int(11) DEFAULT NULL,
  `id_cinema` int(11) DEFAULT NULL,
  PRIMARY KEY (`id_user`),
  KEY `users_roles_id_fk` (`id-role`),
  KEY `users___fk` (`id_cinema`)
) ENGINE=InnoDB AUTO_INCREMENT=31 DEFAULT CHARSET=utf8;

--
-- Déchargement des données de la table `users`
--

INSERT INTO `users` (`id_user`, `Nom`, `Prenom`, `Mail`, `MotDePasse`, `id-role`, `id_cinema`) VALUES
(1, 'Cthrine', 'Sprague', 'csprague0@rakuten.co.jp', '0bdad91d92b76e4fc1b715630200af2c1f948226', 1, NULL),
(2, 'Hendrik', 'Gallamore', 'hgallamore1@hc360.com', '0bdad91d92b76e4fc1b715630200af2c1f948226', 2, 1),
(3, 'Riobard', 'Severn', 'rsevern2@wikispaces.com', '0bdad91d92b76e4fc1b715630200af2c1f948226', 2, 2),
(4, 'Brice', 'Tattersdill', 'btattersdill3@wikia.com', '0bdad91d92b76e4fc1b715630200af2c1f948226', 2, 3),
(5, 'Loraine', 'Bailes', 'lbailes4@adobe.com', '0bdad91d92b76e4fc1b715630200af2c1f948226', 2, 4),
(6, 'Nathalia', 'Goathrop', 'ngoathrop5@nymag.com', '0bdad91d92b76e4fc1b715630200af2c1f948226', 2, 6),
(7, 'Britt', 'Bracknall', 'bbracknall6@booking.com', '0bdad91d92b76e4fc1b715630200af2c1f948226', 2, 7),
(8, 'Kelsi', 'Curton', 'kcurton7@imageshack.us', '0bdad91d92b76e4fc1b715630200af2c1f948226', 2, 8),
(9, 'Antonius', 'Rivelin', 'arivelin8@craigslist.org', '0bdad91d92b76e4fc1b715630200af2c1f948226', 2, 9),
(10, 'Bent', 'McCanny', 'bmccanny9@dyndns.org', '0bdad91d92b76e4fc1b715630200af2c1f948226', 2, 10),
(11, 'Estella', 'Santacrole', 'esantacrolea@cdbaby.com', '0bdad91d92b76e4fc1b715630200af2c1f948226', 2, 12),
(12, 'Tiphanie', 'Maundrell', 'tmaundrellb@blogspot.com', '0bdad91d92b76e4fc1b715630200af2c1f948226', 2, 17),
(13, 'Petunia', 'Aldrich', 'paldrichc@mozilla.com', '0bdad91d92b76e4fc1b715630200af2c1f948226', 2, 18),
(14, 'Leslie', 'Cuttle', 'lcuttled@behance.net', '0bdad91d92b76e4fc1b715630200af2c1f948226', 2, 20),
(15, 'Wileen', 'Murch', 'wmurche@nytimes.com', '0bdad91d92b76e4fc1b715630200af2c1f948226', 2, 21),
(16, 'Tawnya', 'Melwall', 'tmelwallf@delicious.com', '0bdad91d92b76e4fc1b715630200af2c1f948226', 2, 22),
(17, 'Zahara', 'Vidyapin', 'zvidyaping@nbcnews.com', '0bdad91d92b76e4fc1b715630200af2c1f948226', 2, 23),
(18, 'Lanna', 'Goracci', 'lgoraccih@canalblog.com', '0bdad91d92b76e4fc1b715630200af2c1f948226', 2, 24),
(19, 'Almeta', 'Dockrey', 'adockreyi@diigo.com', '0bdad91d92b76e4fc1b715630200af2c1f948226', 2, 25),
(20, 'Aurthur', 'Haldin', 'ahaldinj@mit.edu', '0bdad91d92b76e4fc1b715630200af2c1f948226', 2, 26),
(21, 'Ericha', 'Hugli', 'ehuglik@scribd.com', '0bdad91d92b76e4fc1b715630200af2c1f948226', 2, 27),
(22, 'Faydra', 'Cockburn', 'fcockburnl@bing.com', '0bdad91d92b76e4fc1b715630200af2c1f948226', 2, 28),
(23, 'Shina', 'Morforth', 'smorforthm@cam.ac.uk', '0bdad91d92b76e4fc1b715630200af2c1f948226', 2, 29),
(24, 'Berni', 'Portail', 'bportailn@cargocollective.com', '0bdad91d92b76e4fc1b715630200af2c1f948226', 2, 30),
(25, 'Thorny', 'Blanch', 'tblancho@howstuffworks.com', '0bdad91d92b76e4fc1b715630200af2c1f948226', 2, 31),
(26, 'Humberto', 'Wombwell', 'hwombwellp@amazon.de', '0bdad91d92b76e4fc1b715630200af2c1f948226', 2, 32),
(27, 'Miguel', 'Bavridge', 'mbavridgeq@mit.edu', '0bdad91d92b76e4fc1b715630200af2c1f948226', 1, 26),
(28, 'Barty', 'Richie', 'brichier@spiegel.de', '0bdad91d92b76e4fc1b715630200af2c1f948226', 1, NULL),
(29, 'Meyer', 'Isaaksohn', 'misaaksohns@acquirethisname.com', '0bdad91d92b76e4fc1b715630200af2c1f948226', 1, NULL),
(30, 'Damon', 'Burness', 'dburnesst@google.com.au', '0bdad91d92b76e4fc1b715630200af2c1f948226', 1, NULL);

--
-- Contraintes pour les tables déchargées
--

--
-- Contraintes pour la table `client`
--
ALTER TABLE `client`
  ADD CONSTRAINT `client___fk` FOREIGN KEY (`id_cinema`) REFERENCES `centremultiplex` (`id_centremultiplex`);

--
-- Contraintes pour la table `film`
--
ALTER TABLE `film`
  ADD CONSTRAINT `film___fk` FOREIGN KEY (`id_genre`) REFERENCES `genre` (`id_genre`),
  ADD CONSTRAINT `film___fk_10` FOREIGN KEY (`id_seance6`) REFERENCES `seance` (`id_seance`),
  ADD CONSTRAINT `film___fk_11` FOREIGN KEY (`id_seance7`) REFERENCES `seance` (`id_seance`),
  ADD CONSTRAINT `film___fk_5` FOREIGN KEY (`id_seance1`) REFERENCES `seance` (`id_seance`),
  ADD CONSTRAINT `film___fk_6` FOREIGN KEY (`id_seance2`) REFERENCES `seance` (`id_seance`),
  ADD CONSTRAINT `film___fk_7` FOREIGN KEY (`id_seance3`) REFERENCES `seance` (`id_seance`),
  ADD CONSTRAINT `film___fk_8` FOREIGN KEY (`id_seance4`) REFERENCES `seance` (`id_seance`),
  ADD CONSTRAINT `film___fk_9` FOREIGN KEY (`id_seance5`) REFERENCES `seance` (`id_seance`);

--
-- Contraintes pour la table `reservation`
--
ALTER TABLE `reservation`
  ADD CONSTRAINT `reservation___fk` FOREIGN KEY (`id_salle`) REFERENCES `salle` (`id_salle`),
  ADD CONSTRAINT `reservation___fk_2` FOREIGN KEY (`id_seance`) REFERENCES `seance` (`id_seance`),
  ADD CONSTRAINT `reservation___fk_3` FOREIGN KEY (`id_client`) REFERENCES `client` (`id_client`);

--
-- Contraintes pour la table `salle`
--
ALTER TABLE `salle`
  ADD CONSTRAINT `salle___fk` FOREIGN KEY (`id_seance1`) REFERENCES `seance` (`id_seance`),
  ADD CONSTRAINT `salle___fk_2` FOREIGN KEY (`id_film`) REFERENCES `film` (`id_film`),
  ADD CONSTRAINT `salle___fk_3` FOREIGN KEY (`id-centremultiplex`) REFERENCES `centremultiplex` (`id_centremultiplex`),
  ADD CONSTRAINT `salle___fk_4` FOREIGN KEY (`id_seance2`) REFERENCES `seance` (`id_seance`),
  ADD CONSTRAINT `salle___fk_5` FOREIGN KEY (`id_seance3`) REFERENCES `seance` (`id_seance`),
  ADD CONSTRAINT `salle___fk_6` FOREIGN KEY (`id_seance4`) REFERENCES `seance` (`id_seance`),
  ADD CONSTRAINT `salle___fk_7` FOREIGN KEY (`id_seance5`) REFERENCES `seance` (`id_seance`),
  ADD CONSTRAINT `salle___fk_8` FOREIGN KEY (`id_seance6`) REFERENCES `seance` (`id_seance`),
  ADD CONSTRAINT `salle___fk_9` FOREIGN KEY (`id_seance7`) REFERENCES `seance` (`id_seance`);

--
-- Contraintes pour la table `users`
--
ALTER TABLE `users`
  ADD CONSTRAINT `users___fk` FOREIGN KEY (`id_cinema`) REFERENCES `centremultiplex` (`id_centremultiplex`),
  ADD CONSTRAINT `users_roles_id_fk` FOREIGN KEY (`id-role`) REFERENCES `roles` (`id_role`);
COMMIT;

/*!40101 SET CHARACTER_SET_CLIENT=@OLD_CHARACTER_SET_CLIENT */;
/*!40101 SET CHARACTER_SET_RESULTS=@OLD_CHARACTER_SET_RESULTS */;
/*!40101 SET COLLATION_CONNECTION=@OLD_COLLATION_CONNECTION */;
